DATE,DTWEXBGS
2010-10-04,91.019
2010-10-05,90.5806
2010-10-06,90.1604
2010-10-07,90.3053
2010-10-08,90.132
2010-10-11,.
2010-10-12,90.2376
2010-10-13,89.7964
2010-10-14,89.5423
2010-10-15,89.7002
2010-10-18,89.8661
2010-10-19,90.5649
2010-10-20,90.1612
2010-10-21,90.154
2010-10-22,90.4215
2010-10-25,89.9486
2010-10-26,90.2979
2010-10-27,90.8184
2010-10-28,90.2575
2010-10-29,90.1099
2010-11-01,90.0478
2010-11-02,89.7026
2010-11-03,89.7264
2010-11-04,89.0043
2010-11-05,89.2635
2010-11-08,89.5898
2010-11-09,89.5748
2010-11-10,89.9215
2010-11-11,.
2010-11-12,90.1862
2010-11-15,90.4482
2010-11-16,91.1236
2010-11-17,90.9422
2010-11-18,90.664
2010-11-19,90.7135
2010-11-22,90.7169
2010-11-23,91.4438
2010-11-24,91.23
2010-11-25,.
2010-11-26,91.826
2010-11-29,92.2087
2010-11-30,92.1571
2010-12-01,91.6889
2010-12-02,91.2752
2010-12-03,90.891
2010-12-06,91.0276
2010-12-07,90.9855
2010-12-08,91.3497
2010-12-09,91.4038
2010-12-10,91.2954
2010-12-13,90.8977
2010-12-14,90.7776
2010-12-15,91.1058
2010-12-16,91.3885
2010-12-17,91.565
2010-12-20,91.6497
2010-12-21,91.5282
2010-12-22,91.4372
2010-12-23,91.3096
2010-12-24,.
2010-12-27,91.2042
2010-12-28,90.9924
2010-12-29,90.7756
2010-12-30,90.5236
2010-12-31,.
2011-01-03,89.9623
2011-01-04,90.3362
2011-01-05,90.5781
2011-01-06,90.9195
2011-01-07,91.0073
2011-01-10,91.0373
2011-01-11,90.8498
2011-01-12,90.4184
2011-01-13,89.9114
2011-01-14,90.055
2011-01-17,.
2011-01-18,89.8306
2011-01-19,89.7052
2011-01-20,90.141
2011-01-21,89.7311
2011-01-24,89.5488
2011-01-25,89.7386
2011-01-26,89.5202
2011-01-27,89.5843
2011-01-28,89.8307
2011-01-31,89.7073
2011-02-01,89.1576
2011-02-02,89.087
2011-02-03,89.2652
2011-02-04,89.4029
2011-02-07,89.3673
2011-02-08,89.1358
2011-02-09,89.429
2011-02-10,89.6389
2011-02-11,89.89
2011-02-14,89.8662
2011-02-15,89.8992
2011-02-16,89.7179
2011-02-17,89.4235
2011-02-18,89.211
2011-02-21,.
2011-02-22,89.4749
2011-02-23,89.4324
2011-02-24,89.2489
2011-02-25,89.1807
2011-02-28,88.9539
2011-03-01,88.8454
2011-03-02,88.7467
2011-03-03,88.6518
2011-03-04,88.5046
2011-03-07,88.5351
2011-03-08,88.6593
2011-03-09,88.5464
2011-03-10,88.8826
2011-03-11,88.7045
2011-03-14,88.5329
2011-03-15,88.798
2011-03-16,88.9916
2011-03-17,88.6695
2011-03-18,88.5371
2011-03-21,88.2186
2011-03-22,88.0823
2011-03-23,88.3478
2011-03-24,88.0746
2011-03-25,88.1862
2011-03-28,88.3202
2011-03-29,88.4128
2011-03-30,88.2437
2011-03-31,88.0443
2011-04-01,87.8138
2011-04-04,87.8547
2011-04-05,87.7629
2011-04-06,87.5063
2011-04-07,87.5468
2011-04-08,87.1649
2011-04-11,87.1102
2011-04-12,87.3103
2011-04-13,87.2256
2011-04-14,87.0968
2011-04-15,87.0214
2011-04-18,87.5232
2011-04-19,87.0952
2011-04-20,86.5815
2011-04-21,86.2433
2011-04-22,86.3918
2011-04-25,86.4207
2011-04-26,86.2762
2011-04-27,86.27
2011-04-28,85.8613
2011-04-29,85.6196
2011-05-02,85.5397
2011-05-03,85.655
2011-05-04,85.911
2011-05-05,86.526
2011-05-06,86.475
2011-05-09,86.8512
2011-05-10,86.6685
2011-05-11,86.7359
2011-05-12,87.0928
2011-05-13,87.4329
2011-05-16,87.3471
2011-05-17,87.6461
2011-05-18,87.3109
2011-05-19,87.2794
2011-05-20,87.3198
2011-05-23,87.9082
2011-05-24,87.6767
2011-05-25,87.6286
2011-05-26,87.5744
2011-05-27,86.9698
2011-05-30,.
2011-05-31,86.6731
2011-06-01,86.6137
2011-06-02,86.8604
2011-06-03,86.4414
2011-06-06,86.4849
2011-06-07,86.3814
2011-06-08,86.5897
2011-06-09,86.6093
2011-06-10,87.0592
2011-06-13,87.0756
2011-06-14,86.6955
2011-06-15,87.3509
2011-06-16,87.7076
2011-06-17,87.2348
2011-06-20,87.2079
2011-06-21,86.8742
2011-06-22,86.8236
2011-06-23,87.4704
2011-06-24,87.5172
2011-06-27,87.5388
2011-06-28,87.2345
2011-06-29,86.8186
2011-06-30,86.4961
2011-07-01,86.3786
2011-07-04,.
2011-07-05,86.4422
2011-07-06,86.6989
2011-07-07,86.4987
2011-07-08,86.6314
2011-07-11,87.1168
2011-07-12,87.1861
2011-07-13,86.5874
2011-07-14,86.5412
2011-07-15,86.5347
2011-07-18,86.972
2011-07-19,86.4564
2011-07-20,86.2972
2011-07-21,85.8568
2011-07-22,85.881
2011-07-25,85.8195
2011-07-26,85.489
2011-07-27,85.7321
2011-07-28,85.8438
2011-07-29,85.7484
2011-08-01,86.0582
2011-08-02,86.0729
2011-08-03,86.0909
2011-08-04,86.9487
2011-08-05,87.1275
2011-08-08,87.2068
2011-08-09,87.4121
2011-08-10,87.3993
2011-08-11,87.3413
2011-08-12,87.1963
2011-08-15,86.7717
2011-08-16,86.7315
2011-08-17,86.5727
2011-08-18,87.1474
2011-08-19,86.8493
2011-08-22,87.0959
2011-08-23,86.9213
2011-08-24,87.1524
2011-08-25,87.2511
2011-08-26,87.0963
2011-08-29,86.8646
2011-08-30,87.022
2011-08-31,86.7949
2011-09-01,86.8717
2011-09-02,87.2003
2011-09-05,.
2011-09-06,88.182
2011-09-07,87.988
2011-09-08,88.1339
2011-09-09,88.9672
2011-09-12,89.2351
2011-09-13,89.2826
2011-09-14,89.4358
2011-09-15,89.0823
2011-09-16,89.1278
2011-09-19,89.9498
2011-09-20,89.8938
2011-09-21,90.361
2011-09-22,92.0876
2011-09-23,91.7042
2011-09-26,91.7866
2011-09-27,90.9135
2011-09-28,91.037
2011-09-29,91.3177
2011-09-30,92.0127
2011-10-03,92.5239
2011-10-04,92.9603
2011-10-05,92.3109
2011-10-06,91.9768
2011-10-07,91.2587
2011-10-10,.
2011-10-11,90.9297
2011-10-12,90.3529
2011-10-13,90.6754
2011-10-14,90.228
2011-10-17,90.2814
2011-10-18,90.6059
2011-10-19,90.3477
2011-10-20,91.1189
2011-10-21,90.2974
2011-10-24,89.875
2011-10-25,89.9711
2011-10-26,90.1012
2011-10-27,88.809
2011-10-28,88.6585
2011-10-31,89.2243
2011-11-01,90.747
2011-11-02,90.2613
2011-11-03,90.313
2011-11-04,90.3324
2011-11-07,90.3997
2011-11-08,90.1892
2011-11-09,90.7151
2011-11-10,90.8748
2011-11-11,.
2011-11-14,90.738
2011-11-15,91.1234
2011-11-16,91.1387
2011-11-17,91.1977
2011-11-18,91.3834
2011-11-21,92.0138
2011-11-22,92.0353
2011-11-23,92.7604
2011-11-24,.
2011-11-25,93.1595
2011-11-28,92.5133
2011-11-29,92.2315
2011-11-30,91.489
2011-12-01,91.2425
2011-12-02,91.3671
2011-12-05,91.1241
2011-12-06,91.2963
2011-12-07,91.2485
2011-12-08,91.683
2011-12-09,91.6273
2011-12-12,92.352
2011-12-13,92.5596
2011-12-14,93.2305
2011-12-15,92.8995
2011-12-16,92.838
2011-12-19,92.8806
2011-12-20,92.4457
2011-12-21,92.5394
2011-12-22,92.4019
2011-12-23,92.4033
2011-12-26,.
2011-12-27,92.4279
2011-12-28,92.8501
2011-12-29,92.7526
2011-12-30,92.4395
2012-01-02,.
2012-01-03,91.7704
2012-01-04,92.0489
2012-01-05,92.5895
2012-01-06,92.7296
2012-01-09,92.753
2012-01-10,92.2578
2012-01-11,92.5644
2012-01-12,92.2392
2012-01-13,92.5485
2012-01-16,.
2012-01-17,92.025
2012-01-18,91.7054
2012-01-19,91.3437
2012-01-20,91.3789
2012-01-23,90.9998
2012-01-24,91.1936
2012-01-25,91.2893
2012-01-26,90.4106
2012-01-27,90.2705
2012-01-30,90.4903
2012-01-31,90.5667
2012-02-01,90.111
2012-02-02,89.8904
2012-02-03,89.8621
2012-02-06,89.8044
2012-02-07,89.6113
2012-02-08,89.6694
2012-02-09,89.639
2012-02-10,90.1154
2012-02-13,89.9024
2012-02-14,90.2037
2012-02-15,90.2047
2012-02-16,90.3235
2012-02-17,90.2422
2012-02-20,.
2012-02-21,90.024
2012-02-22,90.2585
2012-02-23,90.1227
2012-02-24,89.9239
2012-02-27,89.9774
2012-02-28,89.8246
2012-02-29,89.762
2012-03-01,89.7951
2012-03-02,90.147
2012-03-05,90.2873
2012-03-06,90.8352
2012-03-07,90.6954
2012-03-08,90.2723
2012-03-09,90.4435
2012-03-12,90.6741
2012-03-13,90.5463
2012-03-14,90.941
2012-03-15,90.7962
2012-03-16,90.5355
2012-03-19,90.3036
2012-03-20,90.6176
2012-03-21,90.6867
2012-03-22,90.8334
2012-03-23,90.6275
2012-03-26,90.3393
2012-03-27,90.2916
2012-03-28,90.6142
2012-03-29,90.7402
2012-03-30,90.4711
2012-04-02,90.2596
2012-04-03,90.2043
2012-04-04,90.8388
2012-04-05,90.8884
2012-04-06,90.9489
2012-04-09,90.9739
2012-04-10,91.2844
2012-04-11,91.189
2012-04-12,90.7826
2012-04-13,91.0679
2012-04-16,91.2482
2012-04-17,90.7792
2012-04-18,90.9458
2012-04-19,91.0969
2012-04-20,90.8211
2012-04-23,91.0933
2012-04-24,90.8304
2012-04-25,90.7712
2012-04-26,90.6586
2012-04-27,90.3429
2012-04-30,90.3785
2012-05-01,90.3376
2012-05-02,90.6292
2012-05-03,90.699
2012-05-04,91.0646
2012-05-07,91.0896
2012-05-08,91.4252
2012-05-09,91.7778
2012-05-10,91.7224
2012-05-11,91.7451
2012-05-14,92.2637
2012-05-15,92.5366
2012-05-16,92.9155
2012-05-17,92.9752
2012-05-18,93.1507
2012-05-21,93.1061
2012-05-22,93.1226
2012-05-23,93.8962
2012-05-24,93.8137
2012-05-25,93.9594
2012-05-28,.
2012-05-29,93.886
2012-05-30,94.3126
2012-05-31,94.6967
2012-06-01,94.7086
2012-06-04,94.5296
2012-06-05,94.6293
2012-06-06,94.0484
2012-06-07,93.7868
2012-06-08,94.2141
2012-06-11,94.0497
2012-06-12,94.0819
2012-06-13,93.8443
2012-06-14,93.8289
2012-06-15,93.5348
2012-06-18,93.6573
2012-06-19,93.0681
2012-06-20,93.1766
2012-06-21,93.6522
2012-06-22,93.9348
2012-06-25,94.1897
2012-06-26,93.9998
2012-06-27,93.8855
2012-06-28,94.0322
2012-06-29,92.9235
2012-07-02,92.9644
2012-07-03,92.6634
2012-07-04,.
2012-07-05,93.232
2012-07-06,93.7194
2012-07-09,93.7088
2012-07-10,93.5658
2012-07-11,93.6091
2012-07-12,93.9403
2012-07-13,93.5626
2012-07-16,93.3864
2012-07-17,93.3592
2012-07-18,93.1095
2012-07-19,93.0569
2012-07-20,93.3775
2012-07-23,93.942
2012-07-24,94.2762
2012-07-25,94.0694
2012-07-26,93.3743
2012-07-27,92.9485
2012-07-30,93.0668
2012-07-31,92.8565
2012-08-01,92.9045
2012-08-02,93.4397
2012-08-03,92.6196
2012-08-06,92.4488
2012-08-07,92.5275
2012-08-08,92.5552
2012-08-09,92.6191
2012-08-10,92.5266
2012-08-13,92.6097
2012-08-14,92.629
2012-08-15,92.6975
2012-08-16,92.5878
2012-08-17,92.7242
2012-08-20,92.6396
2012-08-21,92.32
2012-08-22,92.4508
2012-08-23,92.1216
2012-08-24,92.2936
2012-08-27,92.3285
2012-08-28,92.2189
2012-08-29,92.3981
2012-08-30,92.6392
2012-08-31,92.1835
2012-09-03,.
2012-09-04,92.1733
2012-09-05,92.1418
2012-09-06,91.913
2012-09-07,91.3643
2012-09-10,91.3274
2012-09-11,91.0758
2012-09-12,91.0661
2012-09-13,90.9821
2012-09-14,90.1614
2012-09-17,90.3013
2012-09-18,90.5204
2012-09-19,90.4822
2012-09-20,90.7799
2012-09-21,90.5507
2012-09-24,90.8422
2012-09-25,90.6238
2012-09-26,91.0183
2012-09-27,90.7693
2012-09-28,90.8482
2012-10-01,90.7148
2012-10-02,90.6578
2012-10-03,90.8849
2012-10-04,90.506
2012-10-05,90.298
2012-10-08,.
2012-10-09,90.8828
2012-10-10,90.8959
2012-10-11,90.7565
2012-10-12,90.6962
2012-10-15,90.6539
2012-10-16,90.5713
2012-10-17,90.2452
2012-10-18,90.3948
2012-10-19,90.8241
2012-10-22,90.8039
2012-10-23,91.1063
2012-10-24,91.14
2012-10-25,91.0327
2012-10-26,91.1539
2012-10-29,.
2012-10-30,.
2012-10-31,91.1738
2012-11-01,91.1348
2012-11-02,91.2925
2012-11-05,91.4899
2012-11-06,91.3031
2012-11-07,91.4632
2012-11-08,91.5494
2012-11-09,91.6986
2012-11-12,.
2012-11-13,91.7468
2012-11-14,91.8049
2012-11-15,91.8943
2012-11-16,92.0198
2012-11-19,91.5766
2012-11-20,91.567
2012-11-21,91.6751
2012-11-22,.
2012-11-23,91.274
2012-11-26,91.2912
2012-11-27,91.2728
2012-11-28,91.3425
2012-11-29,91.222
2012-11-30,91.1149
2012-12-03,91.0207
2012-12-04,90.9877
2012-12-05,90.9546
2012-12-06,91.0748
2012-12-07,91.0551
2012-12-10,90.9746
2012-12-11,90.8526
2012-12-12,90.7834
2012-12-13,90.7886
2012-12-14,90.729
2012-12-17,90.6332
2012-12-18,90.5303
2012-12-19,90.5036
2012-12-20,90.6142
2012-12-21,90.973
2012-12-24,91.0483
2012-12-25,.
2012-12-26,91.0735
2012-12-27,91.1164
2012-12-28,91.0546
2012-12-31,91.0962
2013-01-01,.
2013-01-02,90.7066
2013-01-03,90.8219
2013-01-04,91.1142
2013-01-07,90.9977
2013-01-08,91.069
2013-01-09,91.0205
2013-01-10,90.6547
2013-01-11,90.5475
2013-01-14,90.5054
2013-01-15,90.5305
2013-01-16,90.6069
2013-01-17,90.5505
2013-01-18,90.8788
2013-01-21,.
2013-01-22,90.7988
2013-01-23,90.8468
2013-01-24,90.9198
2013-01-25,91.0957
2013-01-28,91.2449
2013-01-29,90.9505
2013-01-30,90.8937
2013-01-31,90.8088
2013-02-01,90.7026
2013-02-04,90.9875
2013-02-05,90.8903
2013-02-06,91.027
2013-02-07,91.3004
2013-02-08,91.3153
2013-02-11,91.4542
2013-02-12,91.2874
2013-02-13,91.2802
2013-02-14,91.3748
2013-02-15,91.4636
2013-02-18,.
2013-02-19,91.5155
2013-02-20,91.6759
2013-02-21,92.0462
2013-02-22,92.1259
2013-02-25,92.2028
2013-02-26,92.4298
2013-02-27,92.2392
2013-02-28,92.3001
2013-03-01,92.6217
2013-03-04,92.6357
2013-03-05,92.5009
2013-03-06,.
2013-03-07,92.5503
2013-03-08,92.628
2013-03-11,92.5376
2013-03-12,92.3875
2013-03-13,92.4727
2013-03-14,92.4722
2013-03-15,92.1316
2013-03-18,92.3407
2013-03-19,92.5284
2013-03-20,92.4163
2013-03-21,92.3349
2013-03-22,92.2085
2013-03-25,92.3109
2013-03-26,92.2353
2013-03-27,92.4487
2013-03-28,92.2576
2013-03-29,92.3047
2013-04-01,92.1719
2013-04-02,92.146
2013-04-03,92.1073
2013-04-04,92.393
2013-04-05,92.1082
2013-04-08,92.2349
2013-04-09,91.9706
2013-04-10,91.9632
2013-04-11,91.7014
2013-04-12,91.8008
2013-04-15,91.949
2013-04-16,91.8477
2013-04-17,92.1388
2013-04-18,92.1774
2013-04-19,92.2173
2013-04-22,92.3601
2013-04-23,92.3844
2013-04-24,92.4586
2013-04-25,92.0408
2013-04-26,91.9035
2013-04-29,91.6565
2013-04-30,91.3778
2013-05-01,91.4369
2013-05-02,91.62
2013-05-03,91.5117
2013-05-06,91.6416
2013-05-07,91.5223
2013-05-08,91.1872
2013-05-09,91.3054
2013-05-10,92.2529
2013-05-13,92.2714
2013-05-14,92.3692
2013-05-15,92.7681
2013-05-16,92.6596
2013-05-17,93.1594
2013-05-20,93.0338
2013-05-21,92.964
2013-05-22,93.3064
2013-05-23,93.2095
2013-05-24,93.2749
2013-05-27,.
2013-05-28,93.5823
2013-05-29,93.5293
2013-05-30,93.4217
2013-05-31,93.6067
2013-06-03,93.1641
2013-06-04,93.3063
2013-06-05,93.2754
2013-06-06,92.8123
2013-06-07,92.608
2013-06-10,92.9767
2013-06-11,92.804
2013-06-12,92.4828
2013-06-13,92.3507
2013-06-14,92.1935
2013-06-17,92.3382
2013-06-18,92.5485
2013-06-19,92.4809
2013-06-20,94.1277
2013-06-21,94.4258
2013-06-24,94.5733
2013-06-25,94.33
2013-06-26,94.383
2013-06-27,94.2439
2013-06-28,94.3038
2013-07-01,94.0989
2013-07-02,94.4036
2013-07-03,94.4758
2013-07-04,.
2013-07-05,95.0604
2013-07-08,94.9924
2013-07-09,94.9424
2013-07-10,94.756
2013-07-11,93.9479
2013-07-12,94.0015
2013-07-15,93.9712
2013-07-16,93.522
2013-07-17,93.5484
2013-07-18,93.6796
2013-07-19,93.4751
2013-07-22,93.2256
2013-07-23,93.1637
2013-07-24,93.3128
2013-07-25,93.2867
2013-07-26,93.1708
2013-07-29,93.1677
2013-07-30,93.3985
2013-07-31,93.5707
2013-08-01,93.7964
2013-08-02,93.5784
2013-08-05,93.5064
2013-08-06,93.3199
2013-08-07,93.2663
2013-08-08,92.8504
2013-08-09,92.8417
2013-08-12,92.9201
2013-08-13,93.4772
2013-08-14,93.3837
2013-08-15,93.5075
2013-08-16,93.4277
2013-08-19,93.6654
2013-08-20,93.5573
2013-08-21,94.0398
2013-08-22,94.2834
2013-08-23,93.9494
2013-08-26,94.1887
2013-08-27,94.3987
2013-08-28,94.4193
2013-08-29,94.6441
2013-08-30,94.7576
2013-09-02,.
2013-09-03,94.9627
2013-09-04,94.58
2013-09-05,94.8947
2013-09-06,94.2548
2013-09-09,94.0078
2013-09-10,93.9439
2013-09-11,93.7173
2013-09-12,93.5967
2013-09-13,93.6724
2013-09-16,93.2938
2013-09-17,93.23
2013-09-18,93.264
2013-09-19,92.4153
2013-09-20,92.6119
2013-09-23,92.6211
2013-09-24,92.7771
2013-09-25,92.7754
2013-09-26,93.0166
2013-09-27,92.9829
2013-09-30,92.9297
2013-10-01,92.9602
2013-10-02,92.7814
2013-10-03,92.7555
2013-10-04,92.6554
2013-10-07,92.6812
2013-10-08,92.7647
2013-10-09,93.0906
2013-10-10,92.8655
2013-10-11,92.8613
2013-10-14,.
2013-10-15,92.7713
2013-10-16,92.689
2013-10-17,92.0332
2013-10-18,92.0079
2013-10-21,92.2588
2013-10-22,91.966
2013-10-23,92.1033
2013-10-24,92.1951
2013-10-25,92.1697
2013-10-28,92.1946
2013-10-29,92.3078
2013-10-30,92.3125
2013-10-31,92.7374
2013-11-01,93.1603
2013-11-04,92.9419
2013-11-05,93.217
2013-11-06,93.101
2013-11-07,93.406
2013-11-08,93.6667
2013-11-11,.
2013-11-12,93.7702
2013-11-13,93.4903
2013-11-14,93.4378
2013-11-15,93.2907
2013-11-18,92.9881
2013-11-19,93.0706
2013-11-20,93.256
2013-11-21,93.5692
2013-11-22,93.4253
2013-11-25,93.5586
2013-11-26,93.5279
2013-11-27,93.6912
2013-11-28,.
2013-11-29,93.6341
2013-12-02,93.89
2013-12-03,93.8298
2013-12-04,93.9028
2013-12-05,93.4996
2013-12-06,93.4085
2013-12-09,93.1481
2013-12-10,.
2013-12-11,93.0888
2013-12-12,93.4331
2013-12-13,93.3609
2013-12-16,93.222
2013-12-17,93.3061
2013-12-18,93.425
2013-12-19,93.7405
2013-12-20,93.7247
2013-12-23,93.5764
2013-12-24,93.6779
2013-12-25,.
2013-12-26,93.7709
2013-12-27,93.7068
2013-12-30,93.4919
2013-12-31,93.5628
2014-01-01,.
2014-01-02,93.823
2014-01-03,93.857
2014-01-06,93.9149
2014-01-07,94.043
2014-01-08,94.2205
2014-01-09,94.3319
2014-01-10,94.0062
2014-01-13,93.9006
2014-01-14,94.032
2014-01-15,94.3423
2014-01-16,94.552
2014-01-17,94.5856
2014-01-20,.
2014-01-21,94.6809
2014-01-22,94.8497
2014-01-23,94.8447
2014-01-24,94.8592
2014-01-27,94.9103
2014-01-28,94.8834
2014-01-29,94.8653
2014-01-30,95.1318
2014-01-31,95.1798
2014-02-03,95.249
2014-02-04,95.0455
2014-02-05,95.0298
2014-02-06,94.7197
2014-02-07,94.7486
2014-02-10,94.7217
2014-02-11,94.6409
2014-02-12,94.6245
2014-02-13,.
2014-02-14,94.2764
2014-02-17,.
2014-02-18,94.1993
2014-02-19,94.3855
2014-02-20,94.6618
2014-02-21,.
2014-02-24,94.4097
2014-02-25,94.4796
2014-02-26,94.7807
2014-02-27,94.678
2014-02-28,94.3948
2014-03-03,.
2014-03-04,94.6626
2014-03-05,94.4742
2014-03-06,93.9929
2014-03-07,94.2592
2014-03-10,94.3784
2014-03-11,94.3923
2014-03-12,94.4674
2014-03-13,94.1935
2014-03-14,94.2491
2014-03-17,.
2014-03-18,94.2696
2014-03-19,94.3814
2014-03-20,95.0046
2014-03-21,94.8612
2014-03-24,94.7644
2014-03-25,94.6436
2014-03-26,94.5348
2014-03-27,94.3396
2014-03-28,94.3763
2014-03-31,94.2515
2014-04-01,94.132
2014-04-02,94.3178
2014-04-03,94.5191
2014-04-04,94.2266
2014-04-07,94.0965
2014-04-08,93.6677
2014-04-09,93.6814
2014-04-10,93.5229
2014-04-11,93.6494
2014-04-14,93.8146
2014-04-15,93.9581
2014-04-16,93.9554
2014-04-17,93.9027
2014-04-18,93.9717
2014-04-21,94.0429
2014-04-22,94.09
2014-04-23,94.1588
2014-04-24,94.1398
2014-04-25,94.1726
2014-04-28,94.1476
2014-04-29,94.0398
2014-04-30,93.9005
2014-05-01,93.8815
2014-05-02,93.8287
2014-05-05,93.7437
2014-05-06,93.4435
2014-05-07,93.4446
2014-05-08,93.3801
2014-05-09,93.6713
2014-05-12,93.6637
2014-05-13,93.685
2014-05-14,93.6054
2014-05-15,93.7152
2014-05-16,93.6161
2014-05-19,93.5107
2014-05-20,93.6784
2014-05-21,93.771
2014-05-22,93.7024
2014-05-23,93.7119
2014-05-26,.
2014-05-27,93.8498
2014-05-28,93.8871
2014-05-29,93.7054
2014-05-30,93.7693
2014-06-02,94.0086
2014-06-03,94.0619
2014-06-04,94.1318
2014-06-05,93.9814
2014-06-06,93.9151
2014-06-09,93.971
2014-06-10,94.0714
2014-06-11,93.9827
2014-06-12,93.824
2014-06-13,93.9257
2014-06-16,93.8742
2014-06-17,94.0929
2014-06-18,94.0625
2014-06-19,93.7627
2014-06-20,93.7702
2014-06-23,93.6395
2014-06-24,93.7203
2014-06-25,93.5969
2014-06-26,93.5589
2014-06-27,93.41
2014-06-30,93.218
2014-07-01,93.1494
2014-07-02,93.2604
2014-07-03,93.3274
2014-07-04,.
2014-07-07,93.3924
2014-07-08,93.3347
2014-07-09,93.2395
2014-07-10,93.3268
2014-07-11,93.4282
2014-07-14,93.4213
2014-07-15,93.5906
2014-07-16,93.6097
2014-07-17,93.6693
2014-07-18,93.6712
2014-07-21,93.6173
2014-07-22,93.6404
2014-07-23,93.6044
2014-07-24,93.6928
2014-07-25,93.8376
2014-07-28,93.8388
2014-07-29,94.0522
2014-07-30,94.3541
2014-07-31,94.4542
2014-08-01,94.4832
2014-08-04,94.4556
2014-08-05,94.6823
2014-08-06,94.6164
2014-08-07,94.6439
2014-08-08,94.6091
2014-08-11,94.4831
2014-08-12,94.5275
2014-08-13,94.4737
2014-08-14,94.3562
2014-08-15,94.2995
2014-08-18,94.2574
2014-08-19,94.4399
2014-08-20,94.5979
2014-08-21,94.6772
2014-08-22,94.8048
2014-08-25,94.9194
2014-08-26,94.865
2014-08-27,94.6897
2014-08-28,94.6988
2014-08-29,94.7299
2014-09-01,.
2014-09-02,95.0666
2014-09-03,94.8743
2014-09-04,95.2658
2014-09-05,95.2217
2014-09-08,95.4164
2014-09-09,95.8797
2014-09-10,95.8636
2014-09-11,95.9181
2014-09-12,96.0741
2014-09-15,96.1196
2014-09-16,95.8498
2014-09-17,95.9119
2014-09-18,96.1303
2014-09-19,96.3424
2014-09-22,96.4629
2014-09-23,96.5112
2014-09-24,96.6565
2014-09-25,96.8979
2014-09-26,97.2062
2014-09-29,97.3517
2014-09-30,97.5243
2014-10-01,97.537
2014-10-02,97.304
2014-10-03,97.98
2014-10-06,97.5486
2014-10-07,97.4437
2014-10-08,97.4925
2014-10-09,97.1693
2014-10-10,97.412
2014-10-13,.
2014-10-14,97.391
2014-10-15,97.3501
2014-10-16,97.2848
2014-10-17,97.3047
2014-10-20,97.2854
2014-10-21,97.2468
2014-10-22,97.4565
2014-10-23,97.6018
2014-10-24,97.4754
2014-10-27,97.5402
2014-10-28,97.2168
2014-10-29,97.0147
2014-10-30,97.4542
2014-10-31,98.1139
2014-11-03,98.5305
2014-11-04,98.5541
2014-11-05,98.8057
2014-11-06,99.1279
2014-11-07,99.0198
2014-11-10,98.9265
2014-11-11,.
2014-11-12,98.8862
2014-11-13,99.1
2014-11-14,99.0878
2014-11-17,99.2142
2014-11-18,99.0142
2014-11-19,99.2385
2014-11-20,99.2518
2014-11-21,99.286
2014-11-24,99.4191
2014-11-25,99.2808
2014-11-26,99.188
2014-11-27,.
2014-11-28,100.0685
2014-12-01,99.8952
2014-12-02,100.4458
2014-12-03,100.568
2014-12-04,100.3924
2014-12-05,101.0961
2014-12-08,101.3076
2014-12-09,100.8086
2014-12-10,101.02
2014-12-11,101.4438
2014-12-12,101.374
2014-12-15,101.6752
2014-12-16,101.5285
2014-12-17,101.5525
2014-12-18,101.7535
2014-12-19,102.0477
2014-12-22,101.9922
2014-12-23,102.345
2014-12-24,102.2997
2014-12-25,.
2014-12-26,.
2014-12-29,102.3749
2014-12-30,102.0997
2014-12-31,102.2821
2015-01-01,.
2015-01-02,102.8979
2015-01-05,103.492
2015-01-06,103.2871
2015-01-07,103.623
2015-01-08,103.2705
2015-01-09,103.1112
2015-01-12,103.2266
2015-01-13,103.2585
2015-01-14,103.0783
2015-01-15,103.0786
2015-01-16,103.2171
2015-01-19,.
2015-01-20,103.5195
2015-01-21,103.779
2015-01-22,103.9178
2015-01-23,104.3565
2015-01-26,104.4717
2015-01-27,104.1543
2015-01-28,104.4631
2015-01-29,105.263
2015-01-30,105.5746
2015-02-02,105.1928
2015-02-03,104.5948
2015-02-04,104.7737
2015-02-05,104.4818
2015-02-06,105.1183
2015-02-09,104.9792
2015-02-10,105.2797
2015-02-11,105.7791
2015-02-12,104.9298
2015-02-13,104.8358
2015-02-16,.
2015-02-17,.
2015-02-18,105.2412
2015-02-19,105.1303
2015-02-20,105.3283
2015-02-23,105.5248
2015-02-24,105.535
2015-02-25,105.0399
2015-02-26,105.4895
2015-02-27,105.5859
2015-03-02,105.8023
2015-03-03,105.5436
2015-03-04,106.1202
2015-03-05,.
2015-03-06,107.4155
2015-03-09,107.5024
2015-03-10,108.0982
2015-03-11,108.5015
2015-03-12,108.1525
2015-03-13,108.8943
2015-03-16,108.6194
2015-03-17,108.5571
2015-03-18,108.3839
2015-03-19,108.1586
2015-03-20,107.1474
2015-03-23,106.4839
2015-03-24,106.4216
2015-03-25,106.2455
2015-03-26,106.5397
2015-03-27,106.8728
2015-03-30,107.3725
2015-03-31,107.4176
2015-04-01,107.0383
2015-04-02,106.6526
2015-04-03,105.8667
2015-04-06,105.7685
2015-04-07,106.4286
2015-04-08,106.4025
2015-04-09,107.0087
2015-04-10,107.4269
2015-04-13,107.7254
2015-04-14,107.0308
2015-04-15,107.162
2015-04-16,106.2568
2015-04-17,106.3111
2015-04-20,106.4733
2015-04-21,106.541
2015-04-22,106.5633
2015-04-23,106.1496
2015-04-24,105.89
2015-04-27,105.676
2015-04-28,105.1115
2015-04-29,104.5558
2015-04-30,105.3028
2015-05-01,105.6281
2015-05-04,105.6586
2015-05-05,105.2313
2015-05-06,104.6873
2015-05-07,105.1869
2015-05-08,104.8364
2015-05-11,105.3024
2015-05-12,104.8899
2015-05-13,104.3593
2015-05-14,104.2339
2015-05-15,104.0171
2015-05-18,104.6012
2015-05-19,105.3361
2015-05-20,105.552
2015-05-21,105.3734
2015-05-22,105.8384
2015-05-25,.
2015-05-26,106.7176
2015-05-27,106.8958
2015-05-28,106.9083
2015-05-29,106.7277
2015-06-01,107.2107
2015-06-02,106.4412
2015-06-03,106.1357
2015-06-04,106.465
2015-06-05,107.1243
2015-06-08,106.7622
2015-06-09,106.2185
2015-06-10,105.7986
2015-06-11,106.0877
2015-06-12,105.8976
2015-06-15,105.9936
2015-06-16,106.0423
2015-06-17,106.0542
2015-06-18,105.1
2015-06-19,105.4469
2015-06-22,105.3818
2015-06-23,105.9628
2015-06-24,106.2462
2015-06-25,106.1467
2015-06-26,106.4069
2015-06-29,106.3742
2015-06-30,106.5124
2015-07-01,107.0013
2015-07-02,106.9015
2015-07-03,.
2015-07-06,107.1247
2015-07-07,107.7723
2015-07-08,107.4605
2015-07-09,107.5465
2015-07-10,107.202
2015-07-13,107.5729
2015-07-14,107.4731
2015-07-15,108.0022
2015-07-16,108.1592
2015-07-17,108.5232
2015-07-20,108.6808
2015-07-21,108.3755
2015-07-22,108.7684
2015-07-23,108.7435
2015-07-24,109.0044
2015-07-27,108.6816
2015-07-28,108.6776
2015-07-29,108.5933
2015-07-30,109.4211
2015-07-31,108.7709
2015-08-03,109.202
2015-08-04,109.2122
2015-08-05,109.8292
2015-08-06,109.7093
2015-08-07,109.4243
2015-08-10,109.1808
2015-08-11,109.9368
2015-08-12,109.4611
2015-08-13,109.8969
2015-08-14,109.9113
2015-08-17,110.1382
2015-08-18,110.2457
2015-08-19,110.4284
2015-08-20,110.1059
2015-08-21,110.1438
2015-08-24,109.9311
2015-08-25,110.3362
2015-08-26,110.5754
2015-08-27,110.4765
2015-08-28,110.6638
2015-08-31,110.5547
2015-09-01,110.444
2015-09-02,110.7891
2015-09-03,110.8479
2015-09-04,111.0928
2015-09-07,.
2015-09-08,110.788
2015-09-09,110.9166
2015-09-10,110.6289
2015-09-11,110.6063
2015-09-14,110.4955
2015-09-15,110.6332
2015-09-16,110.0982
2015-09-17,110.1168
2015-09-18,109.8132
2015-09-21,110.6365
2015-09-22,111.1903
2015-09-23,111.6216
2015-09-24,111.439
2015-09-25,111.3641
2015-09-28,111.3833
2015-09-29,111.5134
2015-09-30,111.3204
2015-10-01,111.0358
2015-10-02,110.694
2015-10-05,110.437
2015-10-06,110.1308
2015-10-07,109.809
2015-10-08,109.6382
2015-10-09,109.0713
2015-10-12,.
2015-10-13,109.4056
2015-10-14,109.1196
2015-10-15,108.6616
2015-10-16,108.9903
2015-10-19,109.3806
2015-10-20,109.3318
2015-10-21,109.7689
2015-10-22,110.0266
2015-10-23,110.4233
2015-10-26,110.1994
2015-10-27,110.4771
2015-10-28,110.2234
2015-10-29,110.7986
2015-10-30,110.1996
2015-11-02,110.2102
2015-11-03,110.2343
2015-11-04,110.7034
2015-11-05,110.8185
2015-11-06,111.7458
2015-11-09,111.8995
2015-11-10,111.9792
2015-11-11,.
2015-11-12,111.7847
2015-11-13,112.0142
2015-11-16,112.2068
2015-11-17,112.3006
2015-11-18,112.352
2015-11-19,111.5621
2015-11-20,111.7646
2015-11-23,112.097
2015-11-24,111.7483
2015-11-25,111.878
2015-11-26,.
2015-11-27,112.2665
2015-11-30,112.3244
2015-12-01,112.0979
2015-12-02,112.3553
2015-12-03,111.6288
2015-12-04,111.5343
2015-12-07,112.2928
2015-12-08,112.5354
2015-12-09,112.1808
2015-12-10,112.2563
2015-12-11,112.7052
2015-12-14,112.7415
2015-12-15,112.848
2015-12-16,112.9735
2015-12-17,113.8052
2015-12-18,113.2722
2015-12-21,113.4025
2015-12-22,113.1992
2015-12-23,113.1725
2015-12-24,113.0393
2015-12-25,.
2015-12-28,113.0352
2015-12-29,113.1548
2015-12-30,113.4607
2015-12-31,113.3302
2016-01-01,.
2016-01-04,114.1473
2016-01-05,114.2516
2016-01-06,114.6046
2016-01-07,114.6396
2016-01-08,114.9973
2016-01-11,115.0008
2016-01-12,115.2975
2016-01-13,115.1272
2016-01-14,115.3685
2016-01-15,115.7231
2016-01-18,.
2016-01-19,115.7969
2016-01-20,116.3323
2016-01-21,115.9705
2016-01-22,.
2016-01-25,.
2016-01-26,.
2016-01-27,115.4967
2016-01-28,115.2113
2016-01-29,115.5593
2016-02-01,115.3216
2016-02-02,115.5426
2016-02-03,114.6077
2016-02-04,113.5951
2016-02-05,114.2857
2016-02-08,114.427
2016-02-09,114.1212
2016-02-10,114.2793
2016-02-11,114.1786
2016-02-12,114.2949
2016-02-15,.
2016-02-16,114.4836
2016-02-17,113.8575
2016-02-18,113.884
2016-02-19,113.9502
2016-02-22,113.8157
2016-02-23,114.1686
2016-02-24,114.163
2016-02-25,113.916
2016-02-26,114.365
2016-02-29,114.2359
2016-03-01,113.9208
2016-03-02,113.7902
2016-03-03,113.2419
2016-03-04,112.6317
2016-03-07,112.6166
2016-03-08,112.8401
2016-03-09,112.4212
2016-03-10,112.4122
2016-03-11,111.7351
2016-03-14,112.1613
2016-03-15,112.5466
2016-03-16,112.7674
2016-03-17,110.4412
2016-03-18,110.3961
2016-03-21,110.731
2016-03-22,110.7805
2016-03-23,111.5395
2016-03-24,111.8078
2016-03-25,111.7611
2016-03-28,111.3509
2016-03-29,111.3677
2016-03-30,110.2259
2016-03-31,109.9138
2016-04-01,110.2911
2016-04-04,110.3935
2016-04-05,110.9411
2016-04-06,110.5293
2016-04-07,110.8801
2016-04-08,110.4148
2016-04-11,109.9699
2016-04-12,109.812
2016-04-13,110.1396
2016-04-14,110.1637
2016-04-15,110.1882
2016-04-18,109.9855
2016-04-19,109.2766
2016-04-20,109.3909
2016-04-21,109.8513
2016-04-22,110.233
2016-04-25,110.1871
2016-04-26,109.7511
2016-04-27,109.8491
2016-04-28,109.2157
2016-04-29,108.8291
2016-05-02,108.6739
2016-05-03,109.3627
2016-05-04,109.9944
2016-05-05,110.2407
2016-05-06,110.3776
2016-05-09,110.9443
2016-05-10,110.8189
2016-05-11,110.2778
2016-05-12,110.6914
2016-05-13,111.2486
2016-05-16,111.1183
2016-05-17,111.0841
2016-05-18,111.4987
2016-05-19,112.231
2016-05-20,112.1781
2016-05-23,112.2793
2016-05-24,112.2881
2016-05-25,112.1978
2016-05-26,111.8967
2016-05-27,112.0808
2016-05-30,.
2016-05-31,112.4249
2016-06-01,112.4588
2016-06-02,112.4529
2016-06-03,111.4435
2016-06-06,111.228
2016-06-07,110.8375
2016-06-08,110.1913
2016-06-09,110.6156
2016-06-10,111.1017
2016-06-13,111.5021
2016-06-14,111.9812
2016-06-15,111.7639
2016-06-16,112.2293
2016-06-17,111.5309
2016-06-20,110.8699
2016-06-21,111.0084
2016-06-22,110.7688
2016-06-23,110.2641
2016-06-24,112.1288
2016-06-27,113.1192
2016-06-28,112.742
2016-06-29,111.8488
2016-06-30,112.1484
2016-07-01,111.6397
2016-07-04,.
2016-07-05,112.4106
2016-07-06,112.5299
2016-07-07,112.5638
2016-07-08,112.3802
2016-07-11,112.5095
2016-07-12,112.0971
2016-07-13,112.014
2016-07-14,111.757
2016-07-15,112.27
2016-07-18,112.2337
2016-07-19,112.624
2016-07-20,112.6602
2016-07-21,112.61
2016-07-22,112.9722
2016-07-25,113.162
2016-07-26,113.042
2016-07-27,113.1988
2016-07-28,112.7226
2016-07-29,111.8594
2016-08-01,111.9597
2016-08-02,111.6975
2016-08-03,111.9273
2016-08-04,111.8986
2016-08-05,112.3399
2016-08-08,112.1257
2016-08-09,111.7014
2016-08-10,111.3036
2016-08-11,111.1761
2016-08-12,111.1601
2016-08-15,110.9017
2016-08-16,110.412
2016-08-17,110.9299
2016-08-18,110.2999
2016-08-19,110.8019
2016-08-22,110.9852
2016-08-23,110.927
2016-08-24,111.2819
2016-08-25,111.158
2016-08-26,111.1881
2016-08-29,111.8613
2016-08-30,112.2758
2016-08-31,112.3857
2016-09-01,112.157
2016-09-02,111.986
2016-09-05,.
2016-09-06,110.9486
2016-09-07,110.958
2016-09-08,111.2473
2016-09-09,111.9738
2016-09-12,112.1382
2016-09-13,112.5058
2016-09-14,112.4531
2016-09-15,112.4617
2016-09-16,113.1611
2016-09-19,112.8866
2016-09-20,113.1677
2016-09-21,112.9674
2016-09-22,112.2445
2016-09-23,112.6997
2016-09-26,112.6949
2016-09-27,112.5334
2016-09-28,112.6101
2016-09-29,112.2722
2016-09-30,112.2633
2016-10-03,112.4888
2016-10-04,112.6377
2016-10-05,112.7745
2016-10-06,112.9852
2016-10-07,113.267
2016-10-10,.
2016-10-11,113.4216
2016-10-12,113.7193
2016-10-13,113.5995
2016-10-14,113.6879
2016-10-17,113.5257
2016-10-18,113.116
2016-10-19,113.0299
2016-10-20,113.3774
2016-10-21,113.8742
2016-10-24,113.8288
2016-10-25,113.6517
2016-10-26,113.786
2016-10-27,114.1728
2016-10-28,114.0662
2016-10-31,113.992
2016-11-01,113.9667
2016-11-02,113.8973
2016-11-03,113.7437
2016-11-04,113.5608
2016-11-07,113.5201
2016-11-08,113.2778
2016-11-09,114.6739
2016-11-10,115.9187
2016-11-11,.
2016-11-14,117.207
2016-11-15,116.7542
2016-11-16,116.7891
2016-11-17,116.8775
2016-11-18,117.5737
2016-11-21,117.4586
2016-11-22,117.4325
2016-11-23,118.0189
2016-11-24,.
2016-11-25,118.0031
2016-11-28,117.7114
2016-11-29,117.6283
2016-11-30,117.7475
2016-12-01,117.6517
2016-12-02,117.2999
2016-12-05,117.0901
2016-12-06,116.9115
2016-12-07,116.6599
2016-12-08,117.0199
2016-12-09,117.2717
2016-12-12,116.9051
2016-12-13,116.7921
2016-12-14,116.723
2016-12-15,118.7912
2016-12-16,118.3439
2016-12-19,118.3715
2016-12-20,118.6138
2016-12-21,118.5643
2016-12-22,118.8033
2016-12-23,118.7654
2016-12-26,.
2016-12-27,118.9307
2016-12-28,119.2103
2016-12-29,118.6446
2016-12-30,118.3298
2017-01-02,.
2017-01-03,119.0723
2017-01-04,118.8659
2017-01-05,117.9879
2017-01-06,118.3365
2017-01-09,118.3964
2017-01-10,118.5243
2017-01-11,119.0072
2017-01-12,117.7868
2017-01-13,117.975
2017-01-16,.
2017-01-17,117.2551
2017-01-18,117.7131
2017-01-19,118.3064
2017-01-20,.
2017-01-23,117.2378
2017-01-24,117.0431
2017-01-25,116.9293
2017-01-26,117.2692
2017-01-27,117.0645
2017-01-30,116.7209
2017-01-31,116.2155
2017-02-01,116.3826
2017-02-02,115.8916
2017-02-03,115.6121
2017-02-06,116.0341
2017-02-07,116.3932
2017-02-08,116.1235
2017-02-09,116.2896
2017-02-10,116.1315
2017-02-13,116.3258
2017-02-14,116.3752
2017-02-15,116.1965
2017-02-16,115.9891
2017-02-17,116.3855
2017-02-20,.
2017-02-21,116.5728
2017-02-22,116.1911
2017-02-23,115.6309
2017-02-24,115.7921
2017-02-27,115.6537
2017-02-28,115.9789
2017-03-01,116.4108
2017-03-02,116.8143
2017-03-03,116.614
2017-03-06,116.4011
2017-03-07,116.3992
2017-03-08,116.8433
2017-03-09,116.9656
2017-03-10,116.5854
2017-03-13,116.3708
2017-03-14,116.5334
2017-03-15,116.3264
2017-03-16,115.419
2017-03-17,115.2483
2017-03-20,115.0107
2017-03-21,114.7835
2017-03-22,114.765
2017-03-23,114.7617
2017-03-24,114.6069
2017-03-27,114.2051
2017-03-28,114.3887
2017-03-29,114.6828
2017-03-30,114.4918
2017-03-31,114.762
2017-04-03,114.8389
2017-04-04,114.9694
2017-04-05,114.9156
2017-04-06,114.9847
2017-04-07,115.0187
2017-04-10,115.0753
2017-04-11,114.976
2017-04-12,114.8829
2017-04-13,114.4719
2017-04-14,114.5028
2017-04-17,114.2961
2017-04-18,114.2287
2017-04-19,114.7651
2017-04-20,114.594
2017-04-21,114.7843
2017-04-24,114.3372
2017-04-25,114.4838
2017-04-26,114.9214
2017-04-27,114.9687
2017-04-28,114.7619
2017-05-01,114.5653
2017-05-02,114.6512
2017-05-03,114.6361
2017-05-04,114.8812
2017-05-05,114.7481
2017-05-08,115.0634
2017-05-09,115.3665
2017-05-10,115.0869
2017-05-11,115.0374
2017-05-12,114.7175
2017-05-15,114.3206
2017-05-16,113.9643
2017-05-17,113.7248
2017-05-18,114.2483
2017-05-19,113.6783
2017-05-22,113.5229
2017-05-23,113.6653
2017-05-24,113.6525
2017-05-25,113.3487
2017-05-26,113.4568
2017-05-29,.
2017-05-30,113.5304
2017-05-31,113.2707
2017-06-01,113.2758
2017-06-02,113.1662
2017-06-05,112.9499
2017-06-06,112.6837
2017-06-07,112.7932
2017-06-08,112.8085
2017-06-09,112.9266
2017-06-12,112.9539
2017-06-13,112.5994
2017-06-14,112.0461
2017-06-15,112.8429
2017-06-16,112.5883
2017-06-19,112.7305
2017-06-20,113.2418
2017-06-21,113.3056
2017-06-22,113.1391
2017-06-23,112.8401
2017-06-26,112.7366
2017-06-27,112.5268
2017-06-28,112.0558
2017-06-29,111.9817
2017-06-30,111.9735
2017-07-03,112.4113
2017-07-04,.
2017-07-05,112.638
2017-07-06,112.4065
2017-07-07,112.2985
2017-07-10,112.1423
2017-07-11,112.1263
2017-07-12,111.5728
2017-07-13,111.519
2017-07-14,110.8922
2017-07-17,110.9152
2017-07-18,110.421
2017-07-19,110.4197
2017-07-20,110.2376
2017-07-21,110.1781
2017-07-24,110.1888
2017-07-25,110.2728
2017-07-26,110.3694
2017-07-27,110.2026
2017-07-28,109.9097
2017-07-31,109.8092
2017-08-01,109.8398
2017-08-02,109.741
2017-08-03,109.8232
2017-08-04,110.2673
2017-08-07,110.3595
2017-08-08,110.3803
2017-08-09,110.3533
2017-08-10,110.1744
2017-08-11,110.0292
2017-08-14,110.08
2017-08-15,110.4679
2017-08-16,110.4225
2017-08-17,110.1524
2017-08-18,110.026
2017-08-21,109.7207
2017-08-22,109.822
2017-08-23,109.7926
2017-08-24,109.7362
2017-08-25,109.3268
2017-08-28,109.1685
2017-08-29,109.0833
2017-08-30,109.3903
2017-08-31,109.3535
2017-09-01,109.0367
2017-09-04,.
2017-09-05,108.8548
2017-09-06,108.4806
2017-09-07,107.9131
2017-09-08,107.8011
2017-09-11,108.1444
2017-09-12,108.3173
2017-09-13,108.6542
2017-09-14,108.6118
2017-09-15,108.3123
2017-09-18,108.6361
2017-09-19,108.6111
2017-09-20,108.4304
2017-09-21,108.9239
2017-09-22,108.7503
2017-09-25,109.3263
2017-09-26,109.7728
2017-09-27,110.0686
2017-09-28,110.2392
2017-09-29,110.0826
2017-10-02,110.3625
2017-10-03,110.322
2017-10-04,110.236
2017-10-05,110.5729
2017-10-06,110.7757
2017-10-09,.
2017-10-10,110.2965
2017-10-11,110.2971
2017-10-12,110.3084
2017-10-13,110.2618
2017-10-16,110.5386
2017-10-17,110.9076
2017-10-18,110.7155
2017-10-19,110.452
2017-10-20,111.0301
2017-10-23,111.2064
2017-10-24,111.3946
2017-10-25,111.3824
2017-10-26,111.6308
2017-10-27,112.1369
2017-10-30,111.89
2017-10-31,111.7936
2017-11-01,111.7801
2017-11-02,111.5318
2017-11-03,111.924
2017-11-06,111.7057
2017-11-07,111.9314
2017-11-08,111.6795
2017-11-09,111.551
2017-11-10,.
2017-11-13,111.7717
2017-11-14,111.4992
2017-11-15,111.4694
2017-11-16,111.2442
2017-11-17,110.988
2017-11-20,111.2457
2017-11-21,110.9673
2017-11-22,110.5488
2017-11-23,.
2017-11-24,110.0118
2017-11-27,110.0989
2017-11-28,110.284
2017-11-29,110.3105
2017-11-30,110.4508
2017-12-01,110.1299
2017-12-04,110.384
2017-12-05,110.4776
2017-12-06,110.8572
2017-12-07,111.0041
2017-12-08,111.2121
2017-12-11,111.0679
2017-12-12,111.5065
2017-12-13,111.2619
2017-12-14,111.0771
2017-12-15,111.1139
2017-12-18,110.8961
2017-12-19,111.1126
2017-12-20,110.8242
2017-12-21,110.8678
2017-12-22,111.0893
2017-12-25,.
2017-12-26,110.9661
2017-12-27,110.8474
2017-12-28,110.509
2017-12-29,110.073
2018-01-01,.
2018-01-02,109.6386
2018-01-03,109.6675
2018-01-04,109.4702
2018-01-05,109.3426
2018-01-08,109.5609
2018-01-09,109.8948
2018-01-10,109.6197
2018-01-11,109.482
2018-01-12,108.8948
2018-01-15,.
2018-01-16,108.3184
2018-01-17,108.1488
2018-01-18,108.0625
2018-01-19,107.9406
2018-01-22,108.1039
2018-01-23,107.9963
2018-01-24,107.0814
2018-01-25,106.507
2018-01-26,106.6917
2018-01-29,107.1137
2018-01-30,107.108
2018-01-31,106.7716
2018-02-01,106.4907
2018-02-02,107.1173
2018-02-05,107.3308
2018-02-06,107.5207
2018-02-07,107.7153
2018-02-08,108.3025
2018-02-09,108.2563
2018-02-12,108.0318
2018-02-13,107.7579
2018-02-14,107.4699
2018-02-15,106.9887
2018-02-16,107.0379
2018-02-19,.
2018-02-20,107.626
2018-02-21,107.8675
2018-02-22,107.8671
2018-02-23,107.6794
2018-02-26,107.7336
2018-02-27,108.1718
2018-02-28,108.3877
2018-03-01,108.5323
2018-03-02,.
2018-03-05,108.3591
2018-03-06,107.7941
2018-03-07,108.0881
2018-03-08,108.2633
2018-03-09,107.9192
2018-03-12,107.9406
2018-03-13,107.7355
2018-03-14,107.8593
2018-03-15,108.1998
2018-03-16,108.4285
2018-03-19,108.3119
2018-03-20,108.4917
2018-03-21,.
2018-03-22,107.9919
2018-03-23,107.7496
2018-03-26,107.1817
2018-03-27,107.3358
2018-03-28,107.5711
2018-03-29,107.6607
2018-03-30,107.4735
2018-04-02,107.6982
2018-04-03,107.558
2018-04-04,107.6329
2018-04-05,107.7225
2018-04-06,107.7864
2018-04-09,107.5311
2018-04-10,107.3668
2018-04-11,107.1244
2018-04-12,107.2922
2018-04-13,107.2381
2018-04-16,107.0624
2018-04-17,107.0361
2018-04-18,107.1106
2018-04-19,107.5216
2018-04-20,108.1798
2018-04-23,108.9341
2018-04-24,108.7917
2018-04-25,109.3468
2018-04-26,109.3647
2018-04-27,109.17
2018-04-30,109.3324
2018-05-01,109.7385
2018-05-02,110.1586
2018-05-03,110.1766
2018-05-04,110.2461
2018-05-07,110.5706
2018-05-08,111.0603
2018-05-09,110.8804
2018-05-10,110.4025
2018-05-11,110.2851
2018-05-14,110.4119
2018-05-15,111.232
2018-05-16,111.3091
2018-05-17,111.3572
2018-05-18,111.7204
2018-05-21,111.6428
2018-05-22,111.1971
2018-05-23,111.6943
2018-05-24,111.4903
2018-05-25,111.5831
2018-05-28,.
2018-05-29,112.211
2018-05-30,111.6747
2018-05-31,111.991
2018-06-01,111.8281
2018-06-04,111.8268
2018-06-05,112.2681
2018-06-06,111.7588
2018-06-07,112.0817
2018-06-08,112.114
2018-06-11,112.1181
2018-06-12,112.2218
2018-06-13,112.2668
2018-06-14,112.8663
2018-06-15,113.3459
2018-06-18,113.4965
2018-06-19,113.6438
2018-06-20,113.4827
2018-06-21,113.6163
2018-06-22,113.3093
2018-06-25,113.2921
2018-06-26,113.3071
2018-06-27,113.9027
2018-06-28,113.8453
2018-06-29,113.2652
2018-07-02,114.1756
2018-07-03,113.329
2018-07-04,.
2018-07-05,112.9837
2018-07-06,112.6505
2018-07-09,112.6489
2018-07-10,112.5855
2018-07-11,112.8647
2018-07-12,112.7829
2018-07-13,113.0752
2018-07-16,112.8492
2018-07-17,113.1543
2018-07-18,113.3381
2018-07-19,113.9498
2018-07-20,113.3267
2018-07-23,113.4305
2018-07-24,113.2088
2018-07-25,112.9254
2018-07-26,112.921
2018-07-27,112.8151
2018-07-30,112.6087
2018-07-31,112.7339
2018-08-01,112.8935
2018-08-02,113.1706
2018-08-03,113.0138
2018-08-06,113.2294
2018-08-07,112.9758
2018-08-08,113.1405
2018-08-09,113.3818
2018-08-10,114.3008
2018-08-13,114.8546
2018-08-14,114.6589
2018-08-15,115.1538
2018-08-16,114.642
2018-08-17,114.5356
2018-08-20,114.3517
2018-08-21,113.8643
2018-08-22,113.6696
2018-08-23,114.0992
2018-08-24,113.6049
2018-08-27,113.279
2018-08-28,113.3532
2018-08-29,113.6583
2018-08-30,114.1047
2018-08-31,114.2874
2018-09-03,.
2018-09-04,114.87
2018-09-05,114.7613
2018-09-06,114.6614
2018-09-07,114.5928
2018-09-10,114.6942
2018-09-11,114.7199
2018-09-12,114.2344
2018-09-13,113.9439
2018-09-14,114.082
2018-09-17,113.9342
2018-09-18,113.7924
2018-09-19,113.6706
2018-09-20,113.5181
2018-09-21,113.5272
2018-09-24,113.5488
2018-09-25,113.7409
2018-09-26,113.6933
2018-09-27,113.995
2018-09-28,113.8239
2018-10-01,113.8381
2018-10-02,113.9081
2018-10-03,114.1693
2018-10-04,114.7012
2018-10-05,114.5744
2018-10-08,.
2018-10-09,114.6705
2018-10-10,114.6209
2018-10-11,114.4198
2018-10-12,114.3808
2018-10-15,114.0567
2018-10-16,113.9079
2018-10-17,114.1851
2018-10-18,114.8266
2018-10-19,114.8664
2018-10-22,115.1875
2018-10-23,115.1752
2018-10-24,115.3839
2018-10-25,115.4893
2018-10-26,115.4795
2018-10-29,115.9014
2018-10-30,116.2437
2018-10-31,116.537
2018-11-01,115.8753
2018-11-02,115.6502
2018-11-05,115.7127
2018-11-06,115.5722
2018-11-07,115.2629
2018-11-08,115.6591
2018-11-09,116.4879
2018-11-12,.
2018-11-13,116.6804
2018-11-14,116.5083
2018-11-15,116.3938
2018-11-16,115.9345
2018-11-19,115.9965
2018-11-20,116.2454
2018-11-21,116.0993
2018-11-22,.
2018-11-23,116.48
2018-11-26,116.6307
2018-11-27,116.908
2018-11-28,116.842
2018-11-29,116.2031
2018-11-30,116.4192
2018-12-03,115.9117
2018-12-04,116.0102
2018-12-05,.
2018-12-06,116.4079
2018-12-07,116.0932
2018-12-10,116.6832
2018-12-11,116.763
2018-12-12,116.228
2018-12-13,116.4043
2018-12-14,116.7968
2018-12-17,116.4596
2018-12-18,116.418
2018-12-19,116.0722
2018-12-20,116.0206
2018-12-21,116.2247
2018-12-24,116.2204
2018-12-25,.
2018-12-26,116.1184
2018-12-27,115.9921
2018-12-28,115.7234
2018-12-31,115.5677
2019-01-01,.
2019-01-02,115.7437
2019-01-03,115.4448
2019-01-04,114.9668
2019-01-07,114.551
2019-01-08,114.714
2019-01-09,114.1236
2019-01-10,114.0218
2019-01-11,113.9979
2019-01-14,.
2019-01-15,114.2841
2019-01-16,114.0824
2019-01-17,114.3614
2019-01-18,114.5039
2019-01-21,.
2019-01-22,114.7117
2019-01-23,114.5334
2019-01-24,114.5607
2019-01-25,113.9642
2019-01-28,114.0
2019-01-29,113.966
2019-01-30,114.0009
2019-01-31,113.4803
2019-02-01,113.7021
2019-02-04,113.8183
2019-02-05,113.9781
2019-02-06,114.1631
2019-02-07,114.3648
2019-02-08,114.4268
2019-02-11,114.9648
2019-02-12,114.6616
2019-02-13,114.8644
2019-02-14,115.0283
2019-02-15,114.9173
2019-02-18,.
2019-02-19,114.5041
2019-02-20,.
2019-02-21,114.4316
2019-02-22,114.1918
2019-02-25,114.0552
2019-02-26,113.9907
2019-02-27,113.952
2019-02-28,114.1201
2019-03-01,114.4628
2019-03-04,114.6111
2019-03-05,114.7177
2019-03-06,114.8919
2019-03-07,115.3992
2019-03-08,115.2721
2019-03-11,115.2067
2019-03-12,114.8521
2019-03-13,114.6569
2019-03-14,114.7138
2019-03-15,114.5051
2019-03-18,114.3635
2019-03-19,114.1599
2019-03-20,114.0736
2019-03-21,114.0958
2019-03-22,114.6128
2019-03-25,114.348
2019-03-26,114.569
2019-03-27,115.0542
2019-03-28,115.1883
2019-03-29,115.0546
2019-04-01,114.8499
2019-04-02,115.0307
2019-04-03,114.6401
2019-04-04,114.8868
2019-04-05,114.8907
2019-04-08,114.6136
2019-04-09,114.4565
2019-04-10,114.3499
2019-04-11,114.5529
2019-04-12,114.275
2019-04-15,114.4158
2019-04-16,114.5957
2019-04-17,114.4255
2019-04-18,114.617
2019-04-19,114.6061
2019-04-22,114.6815
2019-04-23,115.066
2019-04-24,115.3272
2019-04-25,115.6781
2019-04-26,115.3798
2019-04-29,115.425
2019-04-30,115.2377
2019-05-01,114.9202
2019-05-02,115.4715
2019-05-03,115.1769
2019-05-06,115.3025
2019-05-07,115.5321
2019-05-08,115.4386
2019-05-09,115.7811
2019-05-10,115.4794
2019-05-13,115.8817
2019-05-14,115.9
2019-05-15,115.8183
2019-05-16,115.9962
2019-05-17,116.4139
2019-05-20,116.2713
2019-05-21,116.2375
2019-05-22,116.1951
2019-05-23,116.1971
2019-05-24,116.0406
2019-05-27,.
2019-05-28,116.274
2019-05-29,116.5036
2019-05-30,116.3439
2019-05-31,116.6737
2019-06-03,116.4337
2019-06-04,116.0561
2019-06-05,115.9978
2019-06-06,115.9533
2019-06-07,115.7164
2019-06-10,115.4896
2019-06-11,115.3645
2019-06-12,115.4225
2019-06-13,115.6089
2019-06-14,115.8791
2019-06-17,115.942
2019-06-18,115.8395
2019-06-19,115.7534
2019-06-20,114.77
2019-06-21,114.8149
2019-06-24,114.6466
2019-06-25,114.626
2019-06-26,114.5488
2019-06-27,114.6496
2019-06-28,114.5632
2019-07-01,114.6892
2019-07-02,114.8023
2019-07-03,114.7883
2019-07-04,.
2019-07-05,115.0795
2019-07-08,114.9858
2019-07-09,115.0661
2019-07-10,115.055
2019-07-11,114.8044
2019-07-12,114.7415
2019-07-15,114.6557
2019-07-16,114.9753
2019-07-17,114.8489
2019-07-18,114.8428
2019-07-19,114.8356
2019-07-22,114.968
2019-07-23,115.2574
2019-07-24,115.198
2019-07-25,115.2537
2019-07-26,115.4955
2019-07-29,115.5463
2019-07-30,115.576
2019-07-31,115.4477
2019-08-01,115.9984
2019-08-02,116.1592
2019-08-05,116.6082
2019-08-06,116.7034
2019-08-07,116.8388
2019-08-08,116.5033
2019-08-09,116.4803
2019-08-12,116.8104
2019-08-13,116.7667
2019-08-14,117.1275
2019-08-15,117.2574
2019-08-16,117.1094
2019-08-19,117.42
2019-08-20,117.4081
2019-08-21,117.2134
2019-08-22,117.3994
2019-08-23,117.3605
2019-08-26,117.7397
2019-08-27,117.8259
2019-08-28,117.9527
2019-08-29,118.1274
2019-08-30,118.2165
2019-09-02,.
2019-09-03,118.3722
2019-09-04,117.7319
2019-09-05,117.5394
2019-09-06,117.1797
2019-09-09,117.1143
2019-09-10,117.1381
2019-09-11,117.3559
2019-09-12,116.8794
2019-09-13,116.8099
2019-09-16,117.0531
2019-09-17,117.0273
2019-09-18,117.0202
2019-09-19,117.1323
2019-09-20,117.2218
2019-09-23,117.3473
2019-09-24,117.2725
2019-09-25,117.6986
2019-09-26,117.7693
2019-09-27,117.7614
2019-09-30,117.9873
2019-10-01,118.0053
2019-10-02,118.0162
2019-10-03,117.7172
2019-10-04,117.5819
2019-10-07,117.6091
2019-10-08,117.7886
2019-10-09,117.7315
2019-10-10,117.3301
2019-10-11,116.8703
2019-10-14,.
2019-10-15,116.8571
2019-10-16,116.6995
2019-10-17,116.3234
2019-10-18,116.2028
2019-10-21,116.1084
2019-10-22,116.0471
2019-10-23,116.1115
2019-10-24,116.1794
2019-10-25,116.1254
2019-10-28,116.0712
2019-10-29,116.0324
2019-10-30,116.2151
2019-10-31,115.965
2019-11-01,115.7853
2019-11-04,115.9094
2019-11-05,116.1393
2019-11-06,116.1253
2019-11-07,116.1295
2019-11-08,116.3592
2019-11-11,.
2019-11-12,116.6035
2019-11-13,116.8625
2019-11-14,116.8265
2019-11-15,116.4655
2019-11-18,116.3992
2019-11-19,116.5745
2019-11-20,116.8641
2019-11-21,116.7786
2019-11-22,116.9448
2019-11-25,117.037
2019-11-26,117.078
2019-11-27,117.1498
2019-11-28,.
2019-11-29,117.1467
2019-12-02,117.0067
2019-12-03,116.9448
2019-12-04,116.7419
2019-12-05,116.4383
2019-12-06,116.5803
2019-12-09,116.3758
2019-12-10,116.3039
2019-12-11,116.1994
2019-12-12,115.9127
2019-12-13,115.7393
2019-12-16,115.5991
2019-12-17,115.6004
2019-12-18,115.7037
2019-12-19,115.6457
2019-12-20,115.7975
2019-12-23,115.846
2019-12-24,.
2019-12-25,.
2019-12-26,115.6713
2019-12-27,115.2705
2019-12-30,115.0184
2019-12-31,114.7189
2020-01-01,.
2020-01-02,115.0169
2020-01-03,115.0301
2020-01-06,115.0017
2020-01-07,115.1882
2020-01-08,115.1642
2020-01-09,115.2739
2020-01-10,115.1047
2020-01-13,115.0849
2020-01-14,115.0747
2020-01-15,115.0126
2020-01-16,115.0544
2020-01-17,115.1122
2020-01-20,.
2020-01-21,115.2412
2020-01-22,115.2775
2020-01-23,115.606
2020-01-24,115.6041
2020-01-27,115.8557
2020-01-28,115.7662
2020-01-29,115.7404
2020-01-30,115.8519
2020-01-31,115.785
2020-02-03,116.1883
2020-02-04,115.9917
2020-02-05,116.057
2020-02-06,116.1986
2020-02-07,116.5604
2020-02-10,116.6148
2020-02-11,116.4031
2020-02-12,116.3209
2020-02-13,116.4325
2020-02-14,116.4479
2020-02-17,.
2020-02-18,116.6347
2020-02-19,116.8161
2020-02-20,117.2903
2020-02-21,117.0919
2020-02-24,117.4522
2020-02-25,117.2881
2020-02-26,117.4714
2020-02-27,117.4579
2020-02-28,117.7687
2020-03-02,116.9457
2020-03-03,116.6209
2020-03-04,116.913
2020-03-05,116.9531
2020-03-06,116.8982
2020-03-09,117.4214
2020-03-10,118.1461
2020-03-11,118.491
2020-03-12,120.7762
2020-03-13,120.7065
2020-03-16,121.2512
2020-03-17,122.8034
2020-03-18,124.5085
2020-03-19,125.3882
2020-03-20,125.2308
2020-03-23,126.4719
2020-03-24,125.8206
2020-03-25,125.1112
2020-03-26,122.7052
2020-03-27,122.7064
2020-03-30,123.6056
2020-03-31,122.8238
2020-04-01,124.1096
2020-04-02,123.8881
2020-04-03,124.7315
2020-04-06,124.4784
2020-04-07,123.398
2020-04-08,123.5074
2020-04-09,122.7555
2020-04-10,122.4423
2020-04-13,122.8102
2020-04-14,122.4022
2020-04-15,123.3932
2020-04-16,123.7698
2020-04-17,123.1802
2020-04-20,123.4179
2020-04-21,124.2482
2020-04-22,124.2571
2020-04-23,124.077
2020-04-24,124.5055
2020-04-27,124.2336
2020-04-28,123.715
2020-04-29,123.0849
2020-04-30,122.6682
2020-05-01,123.5227
2020-05-04,123.568
2020-05-05,123.1291
2020-05-06,123.9628
2020-05-07,123.4691
2020-05-08,122.8787
2020-05-11,123.6025
2020-05-12,123.432
2020-05-13,123.9303
2020-05-14,124.0247
2020-05-15,123.9765
2020-05-18,123.1583
2020-05-19,122.9283
2020-05-20,122.4641
2020-05-21,122.4415
2020-05-22,122.6609
2020-05-25,.
2020-05-26,121.6933
2020-05-27,121.8758
2020-05-28,121.3316
2020-05-29,121.2796
2020-06-01,120.5865
2020-06-02,119.9804
2020-06-03,119.5411
2020-06-04,119.6058
2020-06-05,119.0893
2020-06-08,118.9331
2020-06-09,118.8847
2020-06-10,118.8287
2020-06-11,119.5789
2020-06-12,119.9954
2020-06-15,120.3066
2020-06-16,119.9021
2020-06-17,120.2563
2020-06-18,120.5811
2020-06-19,120.5752
2020-06-22,120.1008
2020-06-23,119.6702
2020-06-24,120.3455
2020-06-25,120.6748
2020-06-26,120.923
2020-06-29,121.0683
2020-06-30,120.8643
2020-07-01,120.4595
2020-07-02,120.2176
2020-07-03,.
2020-07-06,119.6429
2020-07-07,119.9416
2020-07-08,119.9255
2020-07-09,119.8738
2020-07-10,119.7092
2020-07-13,119.5504
2020-07-14,119.7717
2020-07-15,119.3883
2020-07-16,119.2841
2020-07-17,119.4937
2020-07-20,119.4123
2020-07-21,118.7542
2020-07-22,118.4914
2020-07-23,118.4277
2020-07-24,118.5106
2020-07-27,117.7614
2020-07-28,117.6941
2020-07-29,117.5939
2020-07-30,117.7955
2020-07-31,117.601
2020-08-03,118.2115
2020-08-04,118.1935
2020-08-05,117.281
2020-08-06,117.4495
2020-08-07,118.0417
2020-08-10,117.9937
2020-08-11,117.7813
2020-08-12,117.6711
2020-08-13,117.5273
2020-08-14,117.3451
2020-08-17,117.161
2020-08-18,116.9742
2020-08-19,116.9715
2020-08-20,117.2289
2020-08-21,117.4606
2020-08-24,117.321
2020-08-25,117.2333
2020-08-26,117.0289
2020-08-27,117.0536
2020-08-28,116.3198
2020-08-31,116.1421
2020-09-01,115.9291
2020-09-02,116.39
2020-09-03,116.4248
2020-09-04,116.3822
2020-09-07,.
2020-09-08,116.8275
2020-09-09,116.4856
2020-09-10,116.251
2020-09-11,116.4578
2020-09-14,116.0054
2020-09-15,115.9435
2020-09-16,115.692
2020-09-17,115.7819
2020-09-18,115.5932
2020-09-21,116.7602
2020-09-22,116.9191
2020-09-23,117.6486
2020-09-24,117.9406
2020-09-25,118.265
2020-09-28,118.0243
2020-09-29,117.9481
2020-09-30,117.3485
2020-10-01,117.1284
2020-10-02,117.1309
