"Date","Price","Open","High","Low","Vol.","Change %"
"Mar 08, 2021","159.18","159.18","159.18","159.18","-","-0.93%"
"Mar 05, 2021","160.67","160.67","160.67","160.67","-","-1.19%"
"Mar 04, 2021","162.60","162.60","162.60","160.67","-","-0.37%"
"Mar 03, 2021","163.20","163.20","163.20","163.20","-","-0.30%"
"Mar 02, 2021","163.69","163.69","163.69","163.69","-","-0.43%"
"Mar 01, 2021","164.40","164.40","164.40","164.40","-","0.77%"
"Feb 26, 2021","163.14","163.14","163.14","163.14","-","-3.22%"
"Feb 25, 2021","168.57","168.57","168.57","168.57","-","-0.99%"
"Feb 24, 2021","170.25","170.25","170.25","170.25","-","-0.45%"
"Feb 23, 2021","171.02","171.02","171.02","171.02","-","-0.29%"
"Feb 22, 2021","171.51","171.51","171.51","171.51","-","1.34%"
"Feb 19, 2021","169.24","169.24","169.26","169.24","-","0.51%"
"Feb 18, 2021","168.38","168.41","168.41","168.41","-","0.24%"
"Feb 17, 2021","167.97","167.97","168.00","167.97","-","-1.75%"
"Feb 16, 2021","170.96","170.99","170.99","170.99","-","-0.82%"
"Feb 15, 2021","172.38","172.38","172.41","172.38","-","-0.41%"
"Feb 12, 2021","173.09","173.09","173.11","173.09","-","-0.57%"
"Feb 11, 2021","174.09","174.11","174.11","174.11","-","-0.08%"
"Feb 10, 2021","174.23","174.23","174.25","174.23","-","-0.01%"
"Feb 09, 2021","174.24","174.27","174.27","174.27","-","0.07%"
"Feb 08, 2021","174.12","174.12","174.15","174.12","-","1.58%"
"Feb 05, 2021","171.42","171.42","171.45","171.42","-","1.11%"
"Feb 04, 2021","169.53","169.56","169.56","169.56","-","-2.54%"
"Feb 03, 2021","173.95","173.95","173.97","173.95","-","-0.07%"
"Feb 02, 2021","174.08","174.10","174.10","174.10","-","-1.41%"
"Feb 01, 2021","176.57","176.57","176.60","176.57","-","0.32%"
"Jan 29, 2021","176.00","176.00","176.03","176.00","-","0.14%"
"Jan 28, 2021","175.75","175.78","175.78","175.78","-","0.37%"
"Jan 27, 2021","175.10","175.10","175.13","175.10","-","-0.40%"
"Jan 26, 2021","175.80","175.82","175.82","175.82","-","0.10%"
"Jan 25, 2021","175.62","175.62","175.65","175.62","-","-0.10%"
"Jan 22, 2021","175.79","175.79","175.82","175.79","-","-0.57%"
"Jan 21, 2021","176.79","176.82","176.82","176.82","-","0.00%"
"Jan 20, 2021","176.79","176.79","176.82","176.79","-","1.25%"
"Jan 19, 2021","174.61","174.64","174.64","174.64","-","0.18%"
"Jan 18, 2021","174.29","174.29","174.32","174.29","-","0.58%"
"Jan 15, 2021","173.29","173.29","173.36","173.29","-","-1.04%"
"Jan 14, 2021","175.12","175.19","175.19","175.19","-","-0.57%"
"Jan 13, 2021","176.12","176.12","176.19","176.12","-","0.77%"
"Jan 12, 2021","174.78","174.85","174.85","174.85","-","-0.34%"
"Jan 11, 2021","175.37","175.37","175.44","175.37","-","-0.46%"
"Jan 08, 2021","176.18","176.18","176.25","176.18","-","-2.97%"
"Jan 07, 2021","181.57","181.65","181.65","181.65","-","0.50%"
"Jan 06, 2021","180.67","180.67","180.75","180.67","-","-2.10%"
"Jan 05, 2021","184.55","184.63","184.63","184.63","-","0.26%"
"Jan 04, 2021","184.07","184.07","184.15","184.07","-","2.94%"
"Dec 30, 2020","178.81","178.81","178.88","178.81","-","0.11%"
"Dec 29, 2020","178.62","178.70","178.70","178.70","-","0.61%"
"Dec 28, 2020","177.54","177.54","177.61","177.54","-","0.00%"
"Dec 23, 2020","177.54","177.54","177.61","177.54","-","0.25%"
"Dec 22, 2020","177.09","177.16","177.16","177.16","-","-0.61%"
"Dec 21, 2020","178.18","178.18","178.25","178.18","-","-0.20%"
"Dec 18, 2020","178.54","178.54","178.64","178.54","-","-0.28%"
"Dec 17, 2020","179.05","179.15","179.15","179.15","-","1.73%"
"Dec 16, 2020","176.01","176.01","176.11","176.01","-","0.47%"
"Dec 15, 2020","175.19","175.29","175.29","175.29","-","1.28%"
"Dec 14, 2020","172.98","172.98","173.08","172.98","-","-1.03%"
"Dec 11, 2020","174.78","174.78","174.88","174.78","-","0.37%"
"Dec 10, 2020","174.14","174.14","174.24","174.14","-","-0.59%"
"Dec 09, 2020","175.17","175.17","175.17","175.17","-","-1.21%"
"Dec 08, 2020","177.32","177.32","177.32","177.32","-","0.28%"
"Dec 07, 2020","176.83","176.83","176.83","176.83","-","1.68%"
"Dec 04, 2020","173.91","173.91","173.91","173.91","-","0.16%"
"Dec 03, 2020","173.63","173.63","173.63","173.63","-","0.16%"
"Dec 02, 2020","173.35","173.35","173.35","173.35","-","0.91%"
"Dec 01, 2020","171.78","171.78","171.78","171.78","-","1.80%"
"Nov 30, 2020","168.75","168.75","168.75","168.75","-","-0.45%"
"Nov 27, 2020","169.52","169.52","169.52","169.52","-","-1.22%"
"Nov 26, 2020","171.62","171.62","171.62","171.62","-","-0.10%"
"Nov 25, 2020","171.80","171.80","171.80","171.62","-","0.36%"
"Nov 24, 2020","171.18","171.18","171.18","171.18","-","-1.56%"
"Nov 23, 2020","173.90","173.90","173.90","173.90","-","-2.11%"
"Nov 20, 2020","177.64","177.64","177.67","177.64","-","0.71%"
"Nov 19, 2020","176.39","176.42","176.42","176.42","-","-1.10%"
"Nov 18, 2020","178.35","178.35","178.38","178.35","-","-0.34%"
"Nov 17, 2020","178.96","178.99","178.99","178.99","-","-0.26%"
"Nov 16, 2020","179.43","179.43","179.46","179.43","-","0.09%"
"Nov 13, 2020","179.27","179.27","179.30","179.27","-","0.49%"
"Nov 12, 2020","178.39","178.42","178.42","178.42","-","0.84%"
"Nov 11, 2020","176.91","176.91","176.94","176.91","-","-1.01%"
"Nov 10, 2020","178.72","178.75","178.75","178.75","-","1.51%"
"Nov 09, 2020","176.07","176.07","176.10","176.07","-","-4.94%"
"Nov 06, 2020","185.22","185.22","185.25","185.22","-","0.34%"
"Nov 05, 2020","184.60","184.60","184.63","184.60","-","2.34%"
"Nov 04, 2020","180.38","180.41","180.41","180.41","-","-0.25%"
"Nov 03, 2020","180.83","180.86","180.86","180.86","-","0.78%"
"Nov 02, 2020","179.43","179.46","179.46","179.46","-","0.46%"
"Oct 30, 2020","178.60","178.60","178.63","178.60","-","0.81%"
"Oct 29, 2020","177.17","177.20","177.20","177.20","-","-0.88%"
"Oct 28, 2020","178.75","178.75","178.78","178.75","-","-1.29%"
"Oct 27, 2020","181.09","181.12","181.12","181.12","-","0.19%"
"Oct 26, 2020","180.75","180.75","180.78","180.75","-","0.34%"
"Oct 23, 2020","180.14","180.14","180.17","180.14","-","-0.18%"
"Oct 22, 2020","180.46","180.49","180.49","180.49","-","-1.22%"
"Oct 21, 2020","182.68","182.68","182.71","182.68","-","0.80%"
"Oct 20, 2020","181.23","181.26","181.26","181.26","-","0.19%"
"Oct 19, 2020","180.88","180.88","180.91","180.88","-","0.41%"
"Oct 16, 2020","180.15","180.15","180.22","180.15","-","-0.30%"
"Oct 15, 2020","180.69","180.76","180.76","180.76","-","-0.28%"
"Oct 14, 2020","181.20","181.20","181.27","181.20","-","1.00%"
"Oct 13, 2020","179.40","179.48","179.48","179.48","-","-1.57%"
"Oct 12, 2020","182.26","182.26","182.34","182.26","-","-0.27%"
"Oct 09, 2020","182.75","182.75","182.82","182.75","-","2.04%"
"Oct 08, 2020","179.09","179.16","179.16","179.16","-","0.03%"
"Oct 07, 2020","179.03","179.03","179.10","179.03","-","-1.25%"
"Oct 06, 2020","181.29","181.36","181.36","181.36","-","-0.24%"
"Oct 05, 2020","181.73","181.73","181.81","181.73","-","0.49%"
"Oct 02, 2020","180.85","180.85","180.91","180.85","-","-0.29%"
"Oct 01, 2020","181.38","181.45","181.45","181.45","-","0.57%"
"Sep 30, 2020","180.36","180.36","180.42","180.36","-","0.48%"
"Sep 29, 2020","179.49","179.56","179.56","179.56","-","1.02%"
"Sep 28, 2020","177.67","177.67","177.74","177.67","-","0.49%"
"Sep 25, 2020","176.81","176.81","176.88","176.81","-","-0.16%"
"Sep 24, 2020","177.09","177.16","177.16","177.16","-","-0.04%"
"Sep 23, 2020","177.16","177.16","177.22","177.16","-","-1.79%"
"Sep 22, 2020","180.39","180.46","180.46","180.46","-","0.42%"
"Sep 21, 2020","179.64","179.64","179.71","179.64","-","-3.12%"
"Sep 18, 2020","185.43","185.43","185.54","185.43","-","0.36%"
"Sep 17, 2020","184.77","184.89","184.89","184.89","-","-1.14%"
"Sep 16, 2020","186.90","186.90","187.02","186.90","-","0.90%"
"Sep 15, 2020","185.24","185.36","185.36","185.36","-","-0.48%"
"Sep 14, 2020","186.14","186.14","186.25","186.14","-","0.61%"
"Sep 11, 2020","185.02","185.02","185.13","185.02","-","-0.51%"
"Sep 10, 2020","185.97","185.97","186.09","185.97","-","0.70%"
"Sep 09, 2020","184.68","184.68","184.68","184.68","-","0.89%"
"Sep 08, 2020","183.05","183.05","183.05","183.05","-","-0.03%"
"Sep 07, 2020","183.10","183.10","183.10","183.10","-","0.19%"
"Sep 04, 2020","182.75","182.75","182.75","182.75","-","0.03%"
"Sep 03, 2020","182.69","182.69","182.69","182.69","-","-0.73%"
"Sep 02, 2020","184.04","184.04","184.04","184.04","-","-1.84%"
"Sep 01, 2020","187.49","187.49","187.49","187.49","-","0.19%"
"Aug 31, 2020","187.13","187.13","187.13","187.13","-","0.00%"
"Aug 28, 2020","187.13","187.13","187.13","187.13","-","2.58%"
"Aug 27, 2020","182.43","182.43","182.43","182.43","-","-1.18%"
"Aug 26, 2020","184.60","184.60","184.60","184.60","-","1.38%"
"Aug 25, 2020","182.09","182.09","182.09","182.09","-","-0.57%"
"Aug 24, 2020","183.13","183.13","183.13","183.13","-","-0.49%"
"Aug 21, 2020","184.04","184.04","184.08","184.04","-","-0.45%"
"Aug 20, 2020","184.87","184.91","184.91","184.91","-","-0.70%"
"Aug 19, 2020","186.17","186.17","186.21","186.17","-","-1.83%"
"Aug 18, 2020","189.64","189.68","189.68","189.68","-","0.66%"
"Aug 17, 2020","188.40","188.40","188.43","188.40","-","2.04%"
"Aug 14, 2020","184.63","184.63","184.66","184.63","-","-0.04%"
"Aug 13, 2020","184.71","184.75","184.75","184.75","-","0.31%"
"Aug 12, 2020","184.14","184.14","184.18","184.14","-","-0.28%"
"Aug 11, 2020","184.65","184.69","184.69","184.69","-","-4.35%"
"Aug 10, 2020","193.04","193.04","193.08","193.04","-","0.06%"
"Aug 07, 2020","192.93","192.93","192.97","192.93","-","-1.02%"
"Aug 06, 2020","194.92","194.96","194.96","194.96","-","0.20%"
"Aug 05, 2020","194.54","194.54","194.58","194.54","-","2.70%"
"Aug 04, 2020","189.42","189.46","189.46","189.46","-","1.16%"
"Aug 03, 2020","187.25","187.25","187.29","187.25","-","-0.15%"
"Jul 31, 2020","187.53","187.53","187.53","187.53","-","1.47%"
"Jul 30, 2020","184.81","184.84","187.56","184.84","-","-0.58%"
"Jul 29, 2020","185.89","185.89","185.92","185.89","-","0.20%"
"Jul 28, 2020","185.52","185.56","185.56","185.56","-","0.85%"
"Jul 27, 2020","183.95","183.95","183.99","183.95","-","1.95%"
"Jul 24, 2020","180.44","180.44","180.48","180.44","-","0.31%"
"Jul 23, 2020","179.88","179.88","179.92","179.88","-","1.73%"
"Jul 22, 2020","176.82","176.86","176.86","176.86","-","1.17%"
"Jul 21, 2020","174.78","174.78","174.82","174.78","-","1.35%"
"Jul 20, 2020","172.46","172.50","172.50","172.50","-","0.30%"
"Jul 17, 2020","171.95","171.95","172.03","171.95","-","0.29%"
"Jul 16, 2020","171.46","171.54","171.54","171.54","-","-0.23%"
"Jul 15, 2020","171.86","171.86","171.94","171.86","-","0.06%"
"Jul 14, 2020","171.75","171.83","171.83","171.83","-","0.12%"
"Jul 13, 2020","171.54","171.54","171.62","171.54","-","0.42%"
"Jul 10, 2020","170.82","170.82","170.90","170.82","-","-0.12%"
"Jul 09, 2020","171.03","171.11","171.11","171.11","-","-0.55%"
"Jul 08, 2020","171.98","171.98","172.06","171.98","-","0.92%"
"Jul 07, 2020","170.41","170.49","170.49","170.49","-","0.53%"
"Jul 06, 2020","169.52","169.52","169.60","169.52","-","0.52%"
"Jul 03, 2020","168.65","168.65","168.74","168.65","-","-0.20%"
"Jul 02, 2020","168.99","168.99","169.08","168.99","-","0.90%"
"Jul 01, 2020","167.49","167.58","167.58","167.58","-","-1.21%"
"Jun 30, 2020","169.54","169.63","169.63","169.63","-","0.75%"
"Jun 29, 2020","168.27","168.27","168.36","168.27","-","0.44%"
"Jun 26, 2020","167.53","167.53","167.61","167.53","-","0.29%"
"Jun 25, 2020","167.05","167.14","167.14","167.14","-","-0.39%"
"Jun 24, 2020","167.71","167.71","167.80","167.71","-","-0.04%"
"Jun 23, 2020","167.78","167.87","167.87","167.87","-","0.41%"
"Jun 22, 2020","167.10","167.10","167.19","167.10","-","0.99%"
"Jun 19, 2020","165.46","165.46","165.59","165.46","-","1.04%"
"Jun 18, 2020","163.75","163.88","163.88","163.88","-","-0.09%"
"Jun 17, 2020","163.90","163.90","164.02","163.90","-","-0.11%"
"Jun 16, 2020","164.08","164.21","164.21","164.21","-","0.34%"
"Jun 15, 2020","163.52","163.52","163.64","163.52","-","-0.67%"
"Jun 12, 2020","164.63","164.63","164.76","164.63","-","-0.62%"
"Jun 11, 2020","165.66","165.66","165.79","165.66","-","1.61%"
"Jun 10, 2020","163.04","163.04","163.04","163.04","-","-0.12%"
"Jun 09, 2020","163.23","163.23","163.23","163.23","-","1.56%"
"Jun 08, 2020","160.72","160.72","160.72","160.72","-","0.87%"
"Jun 05, 2020","159.34","159.34","159.34","159.34","-","-2.07%"
"Jun 04, 2020","162.70","162.70","162.70","162.70","-","1.01%"
"Jun 03, 2020","161.08","161.08","161.08","161.08","-","-2.13%"
"Jun 02, 2020","164.59","164.59","164.59","164.59","-","-0.55%"
"Jun 01, 2020","165.50","165.50","165.50","165.50","-","0.48%"
"May 29, 2020","164.71","164.71","164.71","164.71","-","0.60%"
"May 28, 2020","163.73","163.73","163.73","163.73","-","1.37%"
"May 27, 2020","161.52","161.52","161.52","161.52","-","-0.84%"
"May 26, 2020","162.89","162.89","162.89","162.89","-","-1.08%"
"May 25, 2020","164.67","164.67","164.67","164.67","-","0.00%"
"May 22, 2020","164.67","164.67","164.67","164.67","-","0.53%"
"May 21, 2020","163.80","163.80","163.80","163.80","-","-1.59%"
"May 20, 2020","166.44","166.44","166.44","166.44","-","0.62%"
"May 19, 2020","165.41","165.41","165.41","165.41","-","0.52%"
"May 18, 2020","164.56","164.56","164.56","164.56","-","-0.69%"
"May 15, 2020","165.71","165.71","165.78","165.71","-","0.66%"
"May 14, 2020","164.62","164.69","164.69","164.69","-","0.96%"
"May 13, 2020","163.05","163.05","163.12","163.05","-","0.38%"
"May 12, 2020","162.44","162.50","162.50","162.50","-","0.64%"
"May 11, 2020","161.40","161.40","161.46","161.40","-","-0.27%"
"May 08, 2020","161.84","161.84","161.91","161.84","-","0.00%"
"May 07, 2020","161.84","161.91","161.91","161.91","-","0.71%"
"May 06, 2020","160.70","160.70","160.85","160.70","-","-0.71%"
"May 05, 2020","161.85","162.01","162.01","162.01","-","-0.15%"
"May 04, 2020","162.09","162.09","162.24","162.09","-","0.02%"
"Apr 30, 2020","162.06","162.06","162.21","162.06","-","-0.01%"
"Apr 29, 2020","162.07","162.07","162.22","162.07","-","-0.02%"
"Apr 28, 2020","162.10","162.26","162.26","162.22","-","-0.63%"
"Apr 27, 2020","163.12","163.12","163.27","163.12","-","-0.04%"
"Apr 24, 2020","163.19","163.19","163.35","163.19","-","-1.04%"
"Apr 23, 2020","164.90","164.90","165.05","164.90","-","1.42%"
"Apr 22, 2020","162.59","162.76","162.76","162.76","-","1.86%"
"Apr 21, 2020","159.62","159.62","159.79","159.62","-","-1.00%"
"Apr 20, 2020","161.23","161.41","161.41","161.41","-","0.11%"
"Apr 17, 2020","161.06","161.06","161.37","161.06","-","-1.79%"
"Apr 16, 2020","164.00","164.00","164.31","164.00","-","0.23%"
"Apr 15, 2020","163.63","164.01","164.01","164.01","-","-0.68%"
"Apr 14, 2020","164.75","164.75","165.13","164.75","-","2.99%"
"Apr 09, 2020","159.97","159.97","160.34","159.97","-","2.06%"
"Apr 08, 2020","156.74","156.74","157.11","156.74","-","-0.46%"
"Apr 07, 2020","157.46","157.82","157.82","157.82","-","0.57%"
"Apr 06, 2020","156.57","156.57","156.95","156.57","-","1.85%"
"Apr 03, 2020","153.73","153.73","154.11","153.73","-","0.39%"
"Apr 02, 2020","153.13","153.13","153.51","153.13","-","1.44%"
"Apr 01, 2020","150.95","151.33","151.33","151.33","-","-1.44%"
"Mar 31, 2020","153.15","153.15","153.53","153.15","-","-0.49%"
"Mar 30, 2020","153.91","154.29","154.29","154.29","-","-0.49%"
"Mar 27, 2020","154.67","154.67","155.00","154.67","-","-0.10%"
"Mar 26, 2020","154.83","154.83","155.16","154.83","-","0.65%"
"Mar 25, 2020","153.83","154.15","154.15","154.15","-","-0.51%"
"Mar 24, 2020","154.62","154.62","154.95","154.62","-","5.34%"
"Mar 23, 2020","146.78","147.06","147.06","147.06","-","3.67%"
"Mar 20, 2020","141.58","141.16","141.58","141.16","-","1.22%"
"Mar 19, 2020","139.87","139.87","140.29","139.87","-","-1.40%"
"Mar 18, 2020","141.86","142.15","142.15","142.15","-","-2.72%"
"Mar 17, 2020","145.83","146.14","146.14","146.14","-","1.64%"
"Mar 16, 2020","143.47","143.75","143.75","143.75","-","-0.98%"
"Mar 13, 2020","144.89","145.17","145.17","145.17","-","-3.48%"
"Mar 12, 2020","150.11","150.11","150.39","150.11","-","-4.35%"
"Mar 11, 2020","156.94","156.94","156.94","156.94","-","-0.36%"
"Mar 10, 2020","157.51","157.51","157.51","157.51","-","-0.67%"
"Mar 09, 2020","158.58","158.58","158.58","158.58","-","-0.11%"
"Mar 06, 2020","158.75","158.75","158.75","158.75","-","0.58%"
"Mar 05, 2020","157.84","157.84","157.84","157.84","-","1.09%"
"Mar 04, 2020","156.14","156.14","156.14","156.14","-","0.31%"
"Mar 03, 2020","155.66","155.66","155.66","155.66","-","2.58%"
"Mar 02, 2020","151.74","151.74","151.74","151.74","-","0.43%"
"Feb 28, 2020","151.09","151.09","151.09","151.09","-","-3.78%"
"Feb 27, 2020","157.03","157.03","157.03","157.03","-","0.70%"
"Feb 26, 2020","155.94","155.94","155.94","155.94","-","-0.61%"
"Feb 25, 2020","156.90","156.90","156.90","156.90","-","-1.46%"
"Feb 24, 2020","159.22","159.22","159.22","159.22","-","1.95%"
"Feb 21, 2020","156.17","156.37","156.37","156.37","-","1.24%"
"Feb 20, 2020","154.26","154.46","154.46","154.46","-","1.04%"
"Feb 19, 2020","152.67","152.87","152.87","152.87","-","0.08%"
"Feb 18, 2020","152.55","152.75","152.75","152.75","-","1.35%"
"Feb 17, 2020","150.52","150.71","150.71","150.71","-","0.03%"
"Feb 14, 2020","150.47","150.66","150.66","150.66","-","0.39%"
"Feb 13, 2020","149.88","150.07","150.07","150.07","-","0.44%"
"Feb 12, 2020","149.23","149.43","149.43","149.43","-","0.12%"
"Feb 11, 2020","149.05","149.24","149.24","149.24","-","-0.50%"
"Feb 10, 2020","149.80","150.00","150.00","150.00","-","0.50%"
"Feb 07, 2020","149.05","149.24","149.24","149.24","-","0.08%"
"Feb 06, 2020","148.93","149.12","149.12","149.12","-","0.34%"
"Feb 05, 2020","148.43","148.63","148.63","148.63","-","0.36%"
"Feb 04, 2020","147.90","148.09","148.09","148.09","-","-1.51%"
"Feb 03, 2020","150.16","150.37","150.37","150.37","-","-0.78%"
"Jan 31, 2020","151.34","151.55","151.55","151.55","-","0.42%"
"Jan 30, 2020","150.71","150.92","150.92","150.92","-","0.78%"
"Jan 29, 2020","149.55","149.75","149.75","149.75","-","0.01%"
"Jan 28, 2020","149.54","149.75","149.75","149.75","-","-0.82%"
"Jan 27, 2020","150.78","150.99","150.99","150.99","-","0.65%"
"Jan 24, 2020","149.80","150.00","150.00","150.00","-","0.39%"
"Jan 23, 2020","149.22","149.43","149.43","149.43","-","0.56%"
"Jan 22, 2020","148.39","148.59","148.59","148.59","-","0.00%"
"Jan 21, 2020","148.39","148.60","148.60","148.60","-","-0.24%"
"Jan 20, 2020","148.74","148.95","148.95","148.95","-","0.38%"
"Jan 17, 2020","148.17","148.64","148.64","148.64","-","0.47%"
"Jan 16, 2020","147.47","147.93","147.93","147.93","-","-0.08%"
"Jan 15, 2020","147.59","148.06","148.06","148.06","-","0.48%"
"Jan 14, 2020","146.88","147.35","147.35","147.35","-","-0.57%"
"Jan 13, 2020","147.72","148.19","148.19","148.19","-","-0.49%"
"Jan 10, 2020","148.44","148.91","148.91","148.91","-","0.59%"
"Jan 09, 2020","147.57","148.04","148.04","148.04","-","-1.16%"
"Jan 08, 2020","149.30","149.78","149.78","149.78","-","-0.08%"
"Jan 07, 2020","149.42","149.90","149.90","149.90","-","0.34%"
"Jan 06, 2020","148.91","149.40","149.40","149.40","-","0.89%"
"Jan 03, 2020","147.59","148.08","148.08","148.08","-","1.37%"
"Jan 02, 2020","145.59","146.07","146.07","146.07","-","0.85%"
"Dec 30, 2019","144.36","144.84","144.84","144.84","-","0.06%"
"Dec 27, 2019","144.28","144.77","144.77","144.77","-","2.11%"
"Dec 23, 2019","141.30","141.77","141.77","141.77","-","0.53%"
"Dec 20, 2019","140.55","141.22","141.22","141.22","-","-0.12%"
"Dec 19, 2019","140.72","141.38","141.38","141.38","-","0.19%"
"Dec 18, 2019","140.46","141.13","141.13","141.13","-","-0.08%"
"Dec 17, 2019","140.57","141.23","141.23","141.23","-","0.15%"
"Dec 16, 2019","140.36","141.02","141.02","141.02","-","-0.16%"
"Dec 13, 2019","140.58","141.24","141.24","141.24","-","0.57%"
"Dec 12, 2019","139.79","139.79","140.44","139.79","-","-0.31%"
"Dec 11, 2019","140.23","140.23","140.23","140.23","-","0.62%"
"Dec 10, 2019","139.37","139.37","139.37","139.37","-","0.14%"
"Dec 09, 2019","139.18","139.18","139.18","139.18","-","0.12%"
"Dec 06, 2019","139.02","139.02","139.02","139.02","-","-1.30%"
"Dec 05, 2019","140.85","140.85","140.85","140.85","-","0.32%"
"Dec 04, 2019","140.40","140.40","140.40","140.40","-","-0.48%"
"Dec 03, 2019","141.08","141.08","141.08","141.08","-","1.17%"
"Dec 02, 2019","139.45","139.45","139.45","139.45","-","-0.08%"
"Nov 29, 2019","139.56","139.56","139.56","139.56","-","0.60%"
"Nov 28, 2019","138.73","138.73","138.73","138.73","-","0.14%"
"Nov 27, 2019","138.54","138.54","138.54","138.54","-","-0.47%"
"Nov 26, 2019","139.20","139.20","139.20","139.20","-","0.19%"
"Nov 25, 2019","138.94","138.94","138.94","138.94","-","-0.49%"
"Nov 22, 2019","139.63","139.63","139.63","139.63","-","-0.21%"
"Nov 21, 2019","139.92","139.92","139.92","139.92","-","-0.04%"
"Nov 20, 2019","139.97","139.97","139.97","139.97","-","-0.36%"
"Nov 19, 2019","140.47","140.47","140.47","140.47","-","0.05%"
"Nov 18, 2019","140.40","140.40","140.40","140.40","-","0.42%"
"Nov 15, 2019","139.81","139.81","139.81","139.81","-","-0.25%"
"Nov 14, 2019","140.16","140.41","140.41","140.41","-","0.58%"
"Nov 13, 2019","139.35","139.61","139.61","139.61","-","0.80%"
"Nov 12, 2019","138.24","138.49","138.49","138.49","-","-0.27%"
"Nov 11, 2019","138.62","138.87","138.87","138.87","-","-0.82%"
"Nov 08, 2019","139.76","140.01","140.01","140.01","-","0.11%"
"Nov 07, 2019","139.60","139.85","139.85","139.85","-","-1.59%"
"Nov 06, 2019","141.85","142.10","142.10","142.10","-","0.54%"
"Nov 05, 2019","141.09","141.35","141.35","141.35","-","-1.68%"
"Nov 04, 2019","143.50","143.77","143.77","143.77","-","-0.30%"
"Nov 01, 2019","143.93","144.19","144.19","144.19","-","-0.08%"
"Oct 31, 2019","144.05","144.32","144.32","144.32","-","1.14%"
"Oct 30, 2019","142.43","142.69","142.69","142.69","-","0.39%"
"Oct 29, 2019","141.88","142.14","142.14","142.14","-","-0.17%"
"Oct 28, 2019","142.12","142.39","142.39","142.39","-","-1.19%"
"Oct 25, 2019","143.83","144.09","144.09","144.09","-","0.56%"
"Oct 24, 2019","143.03","143.29","143.29","143.29","-","0.39%"
"Oct 23, 2019","142.48","142.74","142.74","142.74","-","0.64%"
"Oct 22, 2019","141.58","141.84","141.84","141.84","-","0.02%"
"Oct 21, 2019","141.55","141.82","141.82","141.82","-","-0.41%"
"Oct 18, 2019","142.13","142.62","142.62","142.62","-","-0.18%"
"Oct 17, 2019","142.38","142.87","142.87","142.87","-","0.47%"
"Oct 16, 2019","141.72","142.20","142.20","142.20","-","0.38%"
"Oct 15, 2019","141.18","141.67","141.67","141.67","-","-0.70%"
"Oct 14, 2019","142.18","142.67","142.67","142.67","-","0.88%"
"Oct 11, 2019","140.94","141.43","141.43","141.43","-","-1.05%"
"Oct 10, 2019","142.43","142.92","142.92","142.92","-","-0.86%"
"Oct 09, 2019","143.66","144.16","144.16","144.16","-","0.23%"
"Oct 08, 2019","143.33","143.84","143.84","143.84","-","0.14%"
"Oct 07, 2019","143.13","143.64","143.64","143.64","-","-0.29%"
"Oct 04, 2019","143.55","144.07","144.07","144.07","-","-0.29%"
"Oct 03, 2019","143.97","144.49","144.49","144.49","-","0.50%"
"Oct 02, 2019","143.25","143.76","143.76","143.76","-","1.31%"
"Oct 01, 2019","141.40","141.90","141.90","141.90","-","1.01%"
"Sep 30, 2019","139.98","140.49","140.49","140.49","-","-1.64%"
"Sep 27, 2019","142.32","142.84","142.84","142.84","-","-1.16%"
"Sep 26, 2019","143.99","144.52","144.52","144.52","-","-0.35%"
"Sep 25, 2019","144.50","145.03","145.03","145.03","-","-0.76%"
"Sep 24, 2019","145.61","146.14","146.14","146.14","-","0.19%"
"Sep 23, 2019","145.34","145.87","145.87","145.87","-","1.53%"
"Sep 20, 2019","143.15","143.91","143.91","143.91","-","0.36%"
"Sep 19, 2019","142.64","143.39","143.39","143.39","-","-0.81%"
"Sep 18, 2019","143.81","144.57","144.57","144.57","-","0.36%"
"Sep 17, 2019","143.29","144.06","144.06","144.06","-","0.07%"
"Sep 16, 2019","143.19","143.95","143.95","143.95","-","0.58%"
"Sep 13, 2019","142.37","143.12","143.12","143.12","-","-0.85%"
"Sep 12, 2019","143.59","143.59","144.34","143.59","-","0.74%"
"Sep 11, 2019","142.54","142.54","142.54","142.54","-","-0.13%"
"Sep 10, 2019","142.73","142.73","142.73","142.73","-","-0.26%"
"Sep 09, 2019","143.10","143.10","143.10","143.10","-","-1.39%"
"Sep 06, 2019","145.11","145.11","145.11","145.11","-","0.04%"
"Sep 05, 2019","145.05","145.05","145.05","145.05","-","-1.71%"
"Sep 04, 2019","147.57","147.57","147.57","147.57","-","0.05%"
"Sep 03, 2019","147.50","147.50","147.50","147.50","-","1.35%"
"Sep 02, 2019","145.54","145.54","145.54","145.54","-","-0.21%"
"Aug 30, 2019","145.85","145.85","145.85","145.85","-","-0.57%"
"Aug 29, 2019","146.69","146.69","146.69","146.69","-","0.01%"
"Aug 28, 2019","146.67","146.67","146.67","146.67","-","-0.36%"
"Aug 27, 2019","147.20","147.20","147.20","147.20","-","1.13%"
"Aug 26, 2019","145.56","145.56","145.56","145.56","-","0.00%"
"Aug 23, 2019","145.56","145.56","145.56","145.56","-","1.62%"
"Aug 22, 2019","143.24","143.24","143.24","143.24","-","-0.23%"
"Aug 21, 2019","143.57","143.57","143.57","143.57","-","0.08%"
"Aug 20, 2019","143.46","143.46","143.46","143.46","-","0.14%"
"Aug 19, 2019","143.26","143.26","143.26","143.26","-","-0.42%"
"Aug 16, 2019","143.86","144.16","144.16","144.16","-","-0.50%"
"Aug 15, 2019","144.59","144.89","144.89","144.89","-","0.00%"
"Aug 14, 2019","144.59","144.89","144.89","144.89","-","0.93%"
"Aug 13, 2019","143.26","143.55","143.55","143.55","-","-0.19%"
"Aug 12, 2019","143.53","143.83","143.83","143.83","-","-0.03%"
"Aug 09, 2019","143.57","143.87","143.87","143.87","-","0.57%"
"Aug 08, 2019","142.75","143.04","143.04","143.04","-","-0.68%"
"Aug 07, 2019","143.73","144.03","144.03","144.03","-","2.26%"
"Aug 06, 2019","140.56","140.85","140.85","140.85","-","0.88%"
"Aug 05, 2019","139.34","139.64","139.64","139.64","-","1.07%"
"Aug 02, 2019","137.87","138.16","138.16","138.16","-","1.97%"
"Aug 01, 2019","135.20","135.49","135.49","135.49","-","-0.77%"
"Jul 31, 2019","136.25","136.55","136.55","136.55","-","-0.02%"
"Jul 30, 2019","136.28","136.58","136.58","136.58","-","0.61%"
"Jul 29, 2019","135.45","135.74","135.74","135.74","-","-0.01%"
"Jul 26, 2019","135.47","135.76","135.76","135.76","-","0.03%"
"Jul 25, 2019","135.43","135.73","135.73","135.73","-","-0.35%"
"Jul 24, 2019","135.91","136.21","136.21","136.21","-","0.10%"
"Jul 23, 2019","135.77","136.06","136.06","136.06","-","-0.34%"
"Jul 22, 2019","136.23","136.53","136.53","136.53","-","-0.01%"
"Jul 19, 2019","136.24","136.78","136.78","136.78","-","0.25%"
"Jul 18, 2019","135.90","136.43","136.43","136.43","-","0.17%"
"Jul 17, 2019","135.67","136.20","136.20","136.20","-","0.94%"
"Jul 16, 2019","134.41","134.93","134.93","134.93","-","-0.20%"
"Jul 15, 2019","134.68","135.21","135.21","135.21","-","0.25%"
"Jul 12, 2019","134.35","134.88","134.88","134.88","-","-0.23%"
"Jul 11, 2019","134.66","134.66","135.19","134.66","-","0.28%"
"Jul 10, 2019","134.29","134.29","134.29","134.29","-","0.77%"
"Jul 09, 2019","133.26","133.26","133.26","133.26","-","-0.07%"
"Jul 08, 2019","133.35","133.35","133.35","133.35","-","0.07%"
"Jul 05, 2019","133.26","133.26","133.26","133.26","-","-1.33%"
"Jul 04, 2019","135.06","135.06","135.06","135.06","-","-0.20%"
"Jul 03, 2019","135.33","135.33","135.33","135.33","-","1.33%"
"Jul 02, 2019","133.56","133.56","133.56","133.56","-","0.58%"
"Jul 01, 2019","132.79","132.79","132.79","132.79","-","-1.40%"
"Jun 28, 2019","134.68","134.68","134.68","134.68","-","0.34%"
"Jun 27, 2019","134.22","134.22","134.22","134.22","-","-0.40%"
"Jun 26, 2019","134.76","134.76","134.76","134.76","-","-1.19%"
"Jun 25, 2019","136.38","136.38","136.38","136.38","-","0.75%"
"Jun 24, 2019","135.37","135.37","135.37","135.37","-","1.74%"
"Jun 21, 2019","133.06","133.30","133.30","133.30","-","0.76%"
"Jun 20, 2019","132.05","132.29","132.29","132.29","-","2.96%"
"Jun 19, 2019","128.25","128.48","128.48","128.48","-","-0.34%"
"Jun 18, 2019","128.69","128.92","128.92","128.92","-","0.66%"
"Jun 17, 2019","127.85","128.09","128.09","128.09","-","-0.72%"
"Jun 14, 2019","128.78","129.02","129.02","129.02","-","0.71%"
"Jun 13, 2019","127.87","127.87","128.11","127.87","-","0.39%"
"Jun 12, 2019","127.37","127.37","127.37","127.37","-","0.65%"
"Jun 11, 2019","126.55","126.55","126.55","126.55","-","-0.14%"
"Jun 10, 2019","126.73","126.73","126.73","126.73","-","-1.15%"
"Jun 07, 2019","128.21","128.21","128.21","128.21","-","0.45%"
"Jun 06, 2019","127.64","127.64","127.64","127.64","-","0.62%"
"Jun 05, 2019","126.85","126.85","126.85","126.85","-","0.57%"
"Jun 04, 2019","126.13","126.13","126.13","126.13","-","0.15%"
"Jun 03, 2019","125.94","125.94","125.94","125.94","-","1.37%"
"May 31, 2019","124.24","124.24","124.24","124.24","-","1.00%"
"May 30, 2019","123.01","123.01","124.24","123.01","-","0.51%"
"May 29, 2019","122.38","122.38","122.38","122.38","-","0.16%"
"May 28, 2019","122.18","122.18","122.18","122.18","-","-0.47%"
"May 27, 2019","122.76","122.76","122.76","122.76","-","0.00%"
"May 24, 2019","122.76","122.76","122.76","122.76","-","-0.14%"
"May 23, 2019","122.93","122.93","122.93","122.93","-","0.83%"
"May 22, 2019","121.92","121.92","121.92","121.92","-","0.11%"
"May 21, 2019","121.78","121.78","121.78","121.78","-","-0.31%"
"May 20, 2019","122.16","122.16","122.16","122.16","-","0.38%"
"May 17, 2019","121.70","121.99","121.99","121.99","-","-0.77%"
"May 16, 2019","122.64","122.93","122.93","122.93","-","-0.79%"
"May 15, 2019","123.62","123.91","123.91","123.91","-","-0.02%"
"May 14, 2019","123.64","123.93","123.93","123.93","-","-0.25%"
"May 13, 2019","123.95","124.25","124.25","124.25","-","0.82%"
"May 10, 2019","122.94","123.23","123.23","123.23","-","0.20%"
"May 09, 2019","122.69","122.99","123.23","122.99","-","0.20%"
"May 08, 2019","122.45","122.74","122.74","122.74","-","-0.08%"
"May 07, 2019","122.55","122.85","122.85","122.85","-","0.22%"
"May 06, 2019","122.28","122.58","122.58","122.58","-","0.00%"
"May 03, 2019","122.28","122.58","122.58","122.58","-","0.82%"
"May 02, 2019","121.28","121.57","121.57","121.57","-","-1.12%"
"Apr 30, 2019","122.65","122.94","122.94","122.94","-","0.33%"
"Apr 29, 2019","122.25","122.55","122.55","122.55","-","-0.63%"
"Apr 26, 2019","123.03","123.33","123.33","123.33","-","0.74%"
"Apr 25, 2019","122.13","122.43","122.43","122.43","-","0.17%"
"Apr 24, 2019","121.92","122.21","122.21","122.21","-","0.54%"
"Apr 23, 2019","121.26","121.56","121.56","121.56","-","-0.30%"
"Apr 18, 2019","121.63","122.18","122.18","122.18","-","-0.02%"
"Apr 17, 2019","121.65","122.20","122.20","122.20","-","-0.01%"
"Apr 16, 2019","121.66","122.20","122.20","122.20","-","-1.04%"
"Apr 15, 2019","122.94","123.49","123.49","123.49","-","-0.38%"
"Apr 12, 2019","123.41","123.97","123.97","123.97","-","-0.17%"
"Apr 11, 2019","123.62","124.18","124.18","124.18","-","-1.10%"
"Apr 10, 2019","124.99","125.55","125.55","125.55","-","0.30%"
"Apr 09, 2019","124.62","125.18","125.18","125.18","-","0.53%"
"Apr 08, 2019","123.96","124.51","124.51","124.51","-","0.44%"
"Apr 05, 2019","123.42","123.98","123.98","123.98","-","0.24%"
"Apr 04, 2019","123.12","123.67","123.67","123.67","-","-0.15%"
"Apr 03, 2019","123.31","123.86","123.86","123.86","-","-0.06%"
"Apr 02, 2019","123.39","123.94","123.94","123.94","-","-0.11%"
"Apr 01, 2019","123.52","124.07","124.07","124.07","-","-0.26%"
"Mar 29, 2019","123.84","124.40","124.40","124.40","-","0.51%"
"Mar 28, 2019","123.21","123.77","123.77","123.77","-","-1.63%"
"Mar 27, 2019","125.25","125.82","125.82","125.82","-","-0.32%"
"Mar 26, 2019","125.65","126.22","126.22","126.22","-","-0.59%"
"Mar 25, 2019","126.40","126.97","126.97","126.97","-","0.69%"
"Mar 22, 2019","125.54","126.11","126.11","126.11","-","0.63%"
"Mar 21, 2019","124.75","125.32","125.32","125.32","-","0.26%"
"Mar 20, 2019","124.43","124.99","124.99","124.99","-","-0.52%"
"Mar 19, 2019","125.08","125.65","125.65","125.65","-","0.26%"
"Mar 18, 2019","124.76","125.32","125.32","125.32","-","0.37%"
"Mar 15, 2019","124.30","125.17","125.17","125.17","-","0.50%"
"Mar 14, 2019","123.68","124.54","124.54","124.54","-","-0.97%"
"Mar 13, 2019","124.89","125.76","125.76","125.76","-","0.81%"
"Mar 12, 2019","123.89","124.75","124.75","124.75","-","0.41%"
"Mar 11, 2019","123.39","124.25","124.25","124.25","-","-0.57%"
"Mar 08, 2019","124.10","124.97","124.97","124.97","-","1.06%"
"Mar 07, 2019","122.80","122.80","123.65","122.80","-","-0.04%"
"Mar 06, 2019","122.85","122.85","122.85","122.85","-","0.11%"
"Mar 05, 2019","122.71","122.71","122.71","122.71","-","-0.20%"
"Mar 04, 2019","122.96","122.96","122.96","122.96","-","-1.28%"
"Mar 01, 2019","124.55","124.55","124.55","124.55","-","-0.91%"
"Feb 28, 2019","125.70","125.70","125.70","125.70","-","-0.48%"
"Feb 27, 2019","126.30","126.30","126.30","126.30","-","-0.41%"
"Feb 26, 2019","126.82","126.82","126.82","126.82","-","-0.08%"
"Feb 25, 2019","126.92","126.92","126.92","126.92","-","-0.21%"
"Feb 22, 2019","127.19","127.19","127.19","127.19","-","-0.12%"
"Feb 21, 2019","127.34","127.34","127.34","127.34","-","-0.98%"
"Feb 20, 2019","128.60","128.60","128.60","128.60","-","0.51%"
"Feb 19, 2019","127.95","127.95","127.95","127.95","-","0.82%"
"Feb 18, 2019","126.91","126.91","126.91","126.91","-","0.97%"
"Feb 15, 2019","125.69","125.95","125.95","125.95","-","0.38%"
"Feb 14, 2019","125.21","125.46","125.46","125.46","-","-0.24%"
"Feb 13, 2019","125.51","125.76","125.76","125.76","-","0.31%"
"Feb 12, 2019","125.12","125.37","125.37","125.37","-","0.02%"
"Feb 11, 2019","125.09","125.34","125.34","125.34","-","-0.36%"
"Feb 08, 2019","125.54","125.80","125.80","125.80","-","0.34%"
"Feb 07, 2019","125.12","125.38","125.38","125.38","-","-0.22%"
"Feb 06, 2019","125.39","125.65","125.65","125.65","-","-0.21%"
"Feb 05, 2019","125.65","125.91","125.91","125.91","-","0.03%"
"Feb 04, 2019","125.61","125.87","125.87","125.87","-","-0.33%"
"Feb 01, 2019","126.03","126.29","126.29","126.29","-","-0.26%"
"Jan 31, 2019","126.36","126.62","126.62","126.62","-","0.77%"
"Jan 30, 2019","125.40","125.66","125.66","125.66","-","0.14%"
"Jan 29, 2019","125.23","125.49","125.49","125.49","-","0.47%"
"Jan 28, 2019","124.65","124.91","124.91","124.91","-","0.23%"
"Jan 25, 2019","124.37","124.63","124.63","124.63","-","1.33%"
"Jan 24, 2019","122.74","123.00","123.00","123.00","-","-0.14%"
"Jan 23, 2019","122.91","123.17","123.17","123.17","-","0.25%"
"Jan 22, 2019","122.60","122.86","122.86","122.86","-","0.07%"
"Jan 21, 2019","122.52","122.78","122.78","122.78","-","0.00%"
"Jan 18, 2019","122.52","123.04","123.04","123.04","-","-0.73%"
"Jan 17, 2019","123.42","123.94","123.94","123.94","-","-0.19%"
"Jan 16, 2019","123.66","124.18","124.18","124.18","-","0.42%"
"Jan 15, 2019","123.14","123.66","123.66","123.66","-","-0.16%"
"Jan 14, 2019","123.34","123.86","123.86","123.86","-","0.04%"
"Jan 11, 2019","123.29","123.81","123.81","123.81","-","0.13%"
"Jan 10, 2019","123.13","123.66","123.66","123.66","-","-0.17%"
"Jan 09, 2019","123.34","123.87","123.87","123.87","-","0.46%"
"Jan 08, 2019","122.78","123.31","123.31","123.31","-","-0.24%"
"Jan 07, 2019","123.07","123.60","123.60","123.60","-","0.26%"
"Jan 04, 2019","122.75","123.27","123.27","123.27","-","-0.58%"
"Jan 03, 2019","123.46","123.99","123.99","123.99","-","0.42%"
"Jan 02, 2019","122.94","123.46","123.46","123.46","-","0.49%"
"Dec 28, 2018","122.34","122.86","122.86","122.86","-","0.35%"
"Dec 27, 2018","121.91","122.43","122.43","122.43","-","1.32%"
"Dec 21, 2018","120.32","121.09","121.09","121.09","-","0.07%"
"Dec 20, 2018","120.24","121.01","121.01","121.01","-","0.25%"
"Dec 19, 2018","119.94","120.70","120.70","120.70","-","0.52%"
"Dec 18, 2018","119.32","120.08","120.08","120.08","-","0.40%"
"Dec 17, 2018","118.84","119.59","119.59","119.59","-","0.30%"
"Dec 14, 2018","118.48","119.24","119.24","119.24","-","-0.32%"
"Dec 13, 2018","118.86","118.86","119.61","118.86","-","-0.26%"
"Dec 12, 2018","119.17","119.17","119.17","119.17","-","0.24%"
"Dec 11, 2018","118.88","118.88","118.88","118.88","-","-0.30%"
"Dec 10, 2018","119.24","119.24","119.24","119.24","-","0.03%"
"Dec 07, 2018","119.20","119.20","119.20","119.20","-","0.36%"
"Dec 06, 2018","118.77","118.77","118.77","118.77","-","0.33%"
"Dec 05, 2018","118.38","118.38","118.38","118.38","-","-0.14%"
"Dec 04, 2018","118.55","118.55","118.55","118.55","-","0.36%"
"Dec 03, 2018","118.12","118.12","118.12","118.12","-","1.17%"
"Nov 30, 2018","116.75","116.75","116.75","116.75","-","-0.46%"
"Nov 29, 2018","117.29","117.29","117.29","117.29","-","0.94%"
"Nov 28, 2018","116.20","116.20","116.20","116.20","-","0.01%"
"Nov 27, 2018","116.19","116.19","116.19","116.19","-","-0.79%"
"Nov 26, 2018","117.11","117.11","117.11","117.11","-","-0.06%"
"Nov 23, 2018","117.18","117.18","117.18","117.18","-","-0.32%"
"Nov 22, 2018","117.56","117.56","117.56","117.56","-","0.01%"
"Nov 21, 2018","117.55","117.55","117.55","117.55","-","0.29%"
"Nov 20, 2018","117.21","117.21","117.21","117.21","-","0.03%"
"Nov 19, 2018","117.17","117.17","117.17","117.17","-","0.40%"
"Nov 16, 2018","116.70","116.99","116.99","116.99","-","0.69%"
"Nov 15, 2018","115.90","116.19","116.19","116.19","-","0.82%"
"Nov 14, 2018","114.96","115.24","115.24","115.24","-","-0.10%"
"Nov 13, 2018","115.07","115.36","115.36","115.36","-","-0.04%"
"Nov 12, 2018","115.12","115.41","115.41","115.41","-","-0.48%"
"Nov 09, 2018","115.67","115.95","115.95","115.95","-","-1.25%"
"Nov 08, 2018","117.14","117.42","117.42","117.42","-","-0.26%"
"Nov 07, 2018","117.45","117.74","117.74","117.74","-","0.06%"
"Nov 06, 2018","117.38","117.67","117.67","117.67","-","-0.33%"
"Nov 05, 2018","117.77","118.06","118.06","118.06","-","-0.07%"
"Nov 02, 2018","117.85","118.13","118.13","118.13","-","-0.08%"
"Nov 01, 2018","117.95","118.23","118.23","118.23","-","1.41%"
"Oct 31, 2018","116.31","116.58","116.58","116.58","-","-0.68%"
"Oct 30, 2018","117.11","117.39","117.39","117.39","-","-0.49%"
"Oct 29, 2018","117.69","117.97","117.97","117.97","-","-0.87%"
"Oct 26, 2018","118.72","119.00","119.00","119.00","-","0.86%"
"Oct 25, 2018","117.71","117.99","117.99","117.99","-","0.03%"
"Oct 24, 2018","117.67","117.95","117.95","117.95","-","-0.33%"
"Oct 23, 2018","118.06","118.34","118.34","118.34","-","0.98%"
"Oct 22, 2018","116.92","117.19","117.19","117.19","-","-0.32%"
"Oct 19, 2018","117.30","117.79","117.79","117.79","-","-0.03%"
"Oct 18, 2018","117.34","117.83","117.83","117.83","-","-0.03%"
"Oct 17, 2018","117.37","117.37","117.37","117.37","-","-0.11%"
"Oct 16, 2018","117.50","118.00","118.00","118.00","-","0.16%"
"Oct 15, 2018","117.31","117.79","117.79","117.79","-","0.55%"
"Oct 12, 2018","116.67","117.15","117.15","117.15","-","0.31%"
"Oct 11, 2018","116.31","116.79","117.15","116.79","-","2.27%"
"Oct 10, 2018","113.73","114.20","114.20","114.20","-","-0.04%"
"Oct 09, 2018","113.78","114.25","114.25","114.25","-","0.42%"
"Oct 08, 2018","113.30","113.77","113.77","113.77","-","-1.51%"
"Oct 05, 2018","115.04","115.51","115.51","115.51","-","-0.03%"
"Oct 04, 2018","115.08","115.55","115.55","115.55","-","0.31%"
"Oct 03, 2018","114.72","115.19","115.19","115.19","-","-0.71%"
"Oct 02, 2018","115.54","116.01","116.01","116.01","-","1.55%"
"Oct 01, 2018","113.78","114.25","114.25","114.25","-","-0.39%"
"Sep 28, 2018","114.22","114.69","114.69","114.69","-","0.84%"
"Sep 27, 2018","113.27","113.73","113.73","113.73","-","-1.00%"
"Sep 26, 2018","114.41","114.87","114.87","114.87","-","-0.64%"
"Sep 25, 2018","115.15","115.61","115.61","115.61","-","0.09%"
"Sep 24, 2018","115.05","115.52","115.52","115.52","-","0.48%"
"Sep 21, 2018","114.50","115.17","115.17","115.17","-","-0.57%"
"Sep 20, 2018","115.16","115.82","115.82","115.82","-","0.05%"
"Sep 19, 2018","115.10","115.77","115.77","115.77","-","0.36%"
"Sep 18, 2018","114.69","115.35","115.35","115.35","-","-0.33%"
"Sep 17, 2018","115.07","115.74","115.74","115.74","-","0.47%"
"Sep 14, 2018","114.53","115.20","115.20","115.20","-","-0.56%"
"Sep 13, 2018","115.17","115.17","115.84","115.17","-","0.02%"
"Sep 12, 2018","115.15","115.15","115.15","115.15","-","0.80%"
"Sep 11, 2018","114.24","114.24","114.24","114.24","-","-0.30%"
"Sep 10, 2018","114.58","114.58","114.58","114.58","-","-0.09%"
"Sep 07, 2018","114.68","114.68","114.68","114.68","-","-0.13%"
"Sep 06, 2018","114.83","114.83","114.83","114.83","-","0.16%"
"Sep 05, 2018","114.65","114.65","114.65","114.65","-","0.49%"
"Sep 04, 2018","114.09","114.09","114.09","114.09","-","-0.84%"
"Sep 03, 2018","115.06","115.06","115.06","115.06","-","-0.01%"
"Aug 31, 2018","115.07","115.07","115.07","115.07","-","0.14%"
"Aug 30, 2018","114.91","114.91","114.91","114.91","-","-0.34%"
"Aug 29, 2018","115.30","115.30","115.30","115.30","-","-0.47%"
"Aug 28, 2018","115.84","115.84","115.84","115.84","-","0.16%"
"Aug 27, 2018","115.65","115.65","115.65","115.65","-","0.00%"
"Aug 24, 2018","115.65","115.65","115.65","115.65","-","1.42%"
"Aug 23, 2018","114.03","114.03","114.03","114.03","-","-0.44%"
"Aug 22, 2018","114.53","114.53","114.53","114.53","-","0.48%"
"Aug 21, 2018","113.98","113.98","113.98","113.98","-","0.18%"
"Aug 20, 2018","113.78","113.78","113.78","113.78","-","0.77%"
"Aug 17, 2018","112.91","113.16","113.16","113.16","-","0.08%"
"Aug 16, 2018","112.82","113.06","113.06","113.06","-","-0.03%"
"Aug 15, 2018","112.85","113.10","113.10","113.10","-","-1.51%"
"Aug 14, 2018","114.58","114.83","114.83","114.83","-","0.08%"
"Aug 13, 2018","114.49","114.74","114.74","114.74","-","-1.47%"
"Aug 10, 2018","116.20","116.46","116.46","116.46","-","-0.07%"
"Aug 09, 2018","116.28","116.54","116.54","116.54","-","0.38%"
"Aug 08, 2018","115.84","116.09","116.09","116.09","-","-0.13%"
"Aug 07, 2018","115.99","116.25","116.25","116.25","-","0.03%"
"Aug 06, 2018","115.96","116.22","116.22","116.22","-","-0.71%"
"Aug 03, 2018","116.79","117.05","117.05","117.05","-","0.43%"
"Aug 02, 2018","116.29","116.55","116.55","116.55","-","-0.33%"
"Aug 01, 2018","116.67","116.93","116.93","116.93","-","-0.44%"
"Jul 31, 2018","117.19","117.45","117.45","117.45","-","-0.09%"
"Jul 30, 2018","117.30","117.56","117.56","117.56","-","-0.05%"
"Jul 27, 2018","117.36","117.62","117.62","117.62","-","-0.23%"
"Jul 26, 2018","117.63","117.89","117.89","117.89","-","-0.12%"
"Jul 25, 2018","117.77","118.03","118.03","118.03","-","0.23%"
"Jul 24, 2018","117.50","117.76","117.76","117.76","-","0.11%"
"Jul 23, 2018","117.37","117.63","117.63","117.63","-","-0.15%"
"Jul 20, 2018","117.55","118.02","118.02","118.02","-","0.94%"
"Jul 19, 2018","116.46","116.92","116.92","116.92","-","-0.76%"
"Jul 18, 2018","117.35","117.82","117.82","117.82","-","-0.27%"
"Jul 17, 2018","117.67","118.14","118.14","118.14","-","-0.77%"
"Jul 16, 2018","118.58","119.05","119.05","119.05","-","-0.33%"
"Jul 13, 2018","118.97","119.45","119.45","119.45","-","-0.42%"
"Jul 12, 2018","119.47","119.95","119.95","119.95","-","0.08%"
"Jul 11, 2018","119.38","119.85","119.85","119.85","-","-0.68%"
"Jul 10, 2018","120.20","120.68","120.68","120.68","-","-0.50%"
"Jul 09, 2018","120.81","121.30","121.30","121.30","-","0.51%"
"Jul 06, 2018","120.20","120.68","120.68","120.68","-","-0.32%"
"Jul 05, 2018","120.59","121.08","121.08","121.08","-","0.16%"
"Jul 04, 2018","120.40","120.88","120.88","120.88","-","0.02%"
"Jul 03, 2018","120.37","120.85","120.85","120.85","-","0.91%"
"Jul 02, 2018","119.28","119.75","119.75","119.75","-","-0.57%"
"Jun 29, 2018","119.96","120.44","120.44","120.44","-","0.09%"
"Jun 28, 2018","119.85","120.33","120.33","120.33","-","-0.26%"
"Jun 27, 2018","120.16","120.65","120.65","120.65","-","-0.60%"
"Jun 26, 2018","120.88","121.37","121.37","121.37","-","-0.48%"
"Jun 25, 2018","121.46","121.94","121.94","121.94","-","-0.25%"
"Jun 22, 2018","121.76","122.25","122.25","122.25","-","0.16%"
"Jun 21, 2018","121.57","122.06","122.06","122.06","-","-0.51%"
"Jun 20, 2018","122.19","122.68","122.68","122.68","-","-0.09%"
"Jun 19, 2018","122.30","122.78","122.78","122.78","-","-0.32%"
"Jun 18, 2018","122.69","123.18","123.18","123.18","-","0.09%"
"Jun 15, 2018","122.58","123.34","123.34","123.34","-","-1.90%"
"Jun 14, 2018","124.96","125.74","125.74","123.34","-","0.50%"
"Jun 13, 2018","124.34","125.11","125.11","125.11","-","-0.03%"
"Jun 12, 2018","124.38","125.16","125.16","125.16","-","-0.22%"
"Jun 11, 2018","124.65","125.43","125.43","125.43","-","0.27%"
"Jun 08, 2018","124.32","125.10","125.10","125.10","-","-0.03%"
"Jun 07, 2018","124.36","124.36","125.13","124.36","-","-0.12%"
"Jun 06, 2018","124.51","124.51","124.51","124.51","-","0.27%"
"Jun 05, 2018","124.17","124.17","124.17","124.17","-","0.18%"
"Jun 04, 2018","123.95","123.95","123.95","123.95","-","-0.33%"
"Jun 01, 2018","124.36","124.36","124.36","124.36","-","-0.39%"
"May 31, 2018","124.85","124.85","124.85","124.85","-","0.01%"
"May 30, 2018","124.84","124.84","124.84","124.84","-","0.00%"
"May 29, 2018","124.84","124.84","124.84","124.84","-","-0.15%"
"May 28, 2018","125.03","125.03","125.03","125.03","-","0.00%"
"May 25, 2018","125.03","125.03","125.03","125.03","-","-0.10%"
"May 24, 2018","125.15","125.15","125.15","125.15","-","0.94%"
"May 23, 2018","123.98","123.98","123.98","123.98","-","0.08%"
"May 22, 2018","123.88","123.88","123.88","123.88","-","0.13%"
"May 21, 2018","123.72","123.72","123.72","123.72","-","-0.01%"
"May 18, 2018","123.73","123.95","123.95","123.95","-","0.20%"
"May 17, 2018","123.48","123.70","123.70","123.70","-","0.03%"
"May 16, 2018","123.44","123.65","123.65","123.65","-","-0.45%"
"May 15, 2018","124.00","124.22","124.22","124.22","-","-1.88%"
"May 14, 2018","126.38","126.61","126.61","126.61","-","-0.14%"
"May 11, 2018","126.56","126.78","126.78","126.78","-","0.18%"
"May 10, 2018","126.33","126.56","126.56","126.56","-","0.33%"
"May 09, 2018","125.92","126.15","126.15","126.15","-","0.43%"
"May 08, 2018","125.38","125.61","125.61","125.61","-","-0.20%"
"May 07, 2018","125.63","125.86","125.86","125.86","-","0.00%"
"May 04, 2018","125.63","125.86","125.86","125.86","-","-0.26%"
"May 03, 2018","125.96","126.19","126.19","126.19","-","0.56%"
"May 02, 2018","125.26","125.48","125.48","125.48","-","-0.56%"
"Apr 30, 2018","125.97","126.20","126.20","126.20","-","-0.64%"
"Apr 27, 2018","126.78","127.01","127.01","127.01","-","0.34%"
"Apr 26, 2018","126.35","126.57","126.57","126.57","-","-0.29%"
"Apr 25, 2018","126.72","126.94","126.94","126.94","-","-0.63%"
"Apr 24, 2018","127.52","127.74","127.74","127.74","-","0.40%"
"Apr 23, 2018","127.01","127.24","127.24","127.24","-","-0.96%"
"Apr 20, 2018","128.24","128.70","128.70","128.70","-","-0.41%"
"Apr 19, 2018","128.77","129.23","129.23","129.23","-","-0.53%"
"Apr 18, 2018","129.45","129.91","129.91","129.91","-","0.51%"
"Apr 17, 2018","128.79","129.25","129.25","129.25","-","-0.33%"
"Apr 16, 2018","129.21","129.67","129.67","129.67","-","0.19%"
"Apr 13, 2018","128.97","129.43","129.43","129.43","-","0.67%"
"Apr 12, 2018","128.11","128.57","128.57","128.57","-","-1.95%"
"Apr 11, 2018","130.66","131.13","131.13","131.13","-","1.95%"
"Apr 10, 2018","128.16","128.62","128.62","128.62","-","0.23%"
"Apr 09, 2018","127.86","128.31","128.31","128.31","-","0.04%"
"Apr 06, 2018","127.81","128.27","128.27","128.27","-","0.67%"
"Apr 05, 2018","126.96","127.40","127.40","127.40","-","-0.89%"
"Apr 04, 2018","128.10","128.55","128.55","128.55","-","0.25%"
"Apr 03, 2018","127.78","128.22","128.22","128.22","-","0.72%"
"Mar 29, 2018","126.87","127.32","127.32","127.32","-","-0.52%"
"Mar 28, 2018","127.53","127.98","127.98","127.98","-","-1.02%"
"Mar 27, 2018","128.84","129.29","129.29","129.29","-","-0.95%"
"Mar 26, 2018","130.07","130.51","130.51","130.51","-","0.45%"
"Mar 23, 2018","129.49","129.92","129.92","129.92","-","1.64%"
"Mar 22, 2018","127.40","127.83","127.83","127.83","-","0.25%"
"Mar 21, 2018","127.08","127.50","127.50","127.50","-","1.01%"
"Mar 20, 2018","125.81","126.23","126.23","126.23","-","-0.57%"
"Mar 19, 2018","126.53","126.95","126.95","126.95","-","0.52%"
"Mar 16, 2018","125.87","126.52","126.52","126.52","-","-0.30%"
"Mar 15, 2018","126.25","126.90","126.90","126.90","-","-0.54%"
"Mar 14, 2018","126.94","127.60","127.60","127.60","-","-0.09%"
"Mar 13, 2018","127.05","127.71","127.71","127.71","-","0.55%"
"Mar 12, 2018","126.35","126.99","126.99","126.99","-","-0.32%"
"Mar 09, 2018","126.75","127.39","127.39","127.39","-","0.05%"
"Mar 08, 2018","126.69","126.69","127.33","126.69","-","-0.19%"
"Mar 07, 2018","126.93","126.93","126.93","126.93","-","-1.03%"
"Mar 06, 2018","128.25","128.25","128.25","128.25","-","1.14%"
"Mar 05, 2018","126.80","126.80","126.80","126.80","-","0.13%"
"Mar 02, 2018","126.63","126.63","126.63","126.63","-","0.97%"
"Mar 01, 2018","125.41","125.41","125.41","125.41","-","-0.94%"
"Feb 28, 2018","126.60","126.60","126.60","126.60","-","0.12%"
"Feb 27, 2018","126.45","126.45","126.45","126.45","-","-1.07%"
"Feb 26, 2018","127.82","127.82","127.82","127.82","-","0.27%"
"Feb 23, 2018","127.47","127.47","127.47","127.47","-","-0.03%"
"Feb 22, 2018","127.51","127.51","127.51","127.51","-","0.02%"
"Feb 21, 2018","127.48","127.48","127.48","127.48","-","-0.28%"
"Feb 20, 2018","127.84","127.84","127.84","127.84","-","-1.14%"
"Feb 19, 2018","129.31","129.31","129.31","129.31","-","-0.40%"
"Feb 16, 2018","129.83","130.01","130.01","130.01","-","0.15%"
"Feb 15, 2018","129.64","129.82","129.82","129.82","-","0.38%"
"Feb 14, 2018","129.15","129.33","129.33","129.33","-","1.41%"
"Feb 13, 2018","127.35","127.53","127.53","127.53","-","0.26%"
"Feb 12, 2018","127.02","127.20","127.20","127.20","-","0.77%"
"Feb 09, 2018","126.05","126.22","126.22","126.22","-","-0.14%"
"Feb 08, 2018","126.23","126.40","126.40","126.22","-","-0.35%"
"Feb 07, 2018","126.67","126.84","126.84","126.84","-","-0.84%"
"Feb 06, 2018","127.74","127.92","127.92","127.92","-","-0.29%"
"Feb 05, 2018","128.11","128.28","128.28","128.28","-","0.43%"
"Feb 02, 2018","127.56","127.73","127.73","127.73","-","-1.08%"
"Feb 01, 2018","128.95","128.95","128.95","128.95","-","0.00%"
"Jan 31, 2018","128.95","128.95","128.95","128.95","-","0.19%"
"Jan 30, 2018","128.71","128.71","128.71","128.71","-","0.05%"
"Jan 29, 2018","128.65","128.65","128.65","128.65","-","-1.10%"
"Jan 26, 2018","130.08","130.08","130.08","130.08","-","-0.50%"
"Jan 25, 2018","130.73","130.73","130.73","130.73","-","0.58%"
"Jan 24, 2018","129.97","129.97","129.97","129.97","-","1.07%"
"Jan 23, 2018","128.59","128.59","128.59","128.59","-","0.25%"
"Jan 22, 2018","128.27","128.27","128.27","128.27","-","0.02%"
"Jan 19, 2018","128.24","128.24","128.24","128.24","-","0.23%"
"Jan 18, 2018","127.94","127.94","127.94","127.94","-","-0.36%"
"Jan 17, 2018","128.40","128.40","128.40","128.40","-","0.09%"
"Jan 16, 2018","128.28","128.28","128.28","128.28","-","-0.55%"
"Jan 15, 2018","128.99","128.99","128.99","128.99","-","0.74%"
"Jan 12, 2018","128.04","128.04","128.04","128.04","-","0.70%"
"Jan 11, 2018","127.15","126.82","127.15","126.82","-","0.56%"
"Jan 10, 2018","126.44","126.44","126.44","126.44","-","0.44%"
"Jan 09, 2018","125.88","125.88","125.88","125.88","-","-0.40%"
"Jan 08, 2018","126.39","126.39","126.39","126.39","-","-0.19%"
"Jan 05, 2018","126.63","126.63","126.63","126.63","-","0.04%"
"Jan 04, 2018","126.58","126.58","126.58","126.58","-","0.21%"
"Jan 03, 2018","126.31","126.31","126.31","126.31","-","0.24%"
"Jan 02, 2018","126.01","126.01","126.01","126.01","-","1.20%"
"Dec 29, 2017","124.52","124.52","124.52","124.52","-","0.00%"
"Dec 28, 2017","124.52","124.31","124.52","124.31","-","0.79%"
"Dec 27, 2017","123.55","123.55","123.55","123.55","-","1.37%"
"Dec 22, 2017","121.88","121.88","121.88","121.88","-","0.18%"
"Dec 21, 2017","121.66","121.66","121.66","121.66","-","0.11%"
"Dec 20, 2017","121.53","121.53","121.53","121.53","-","0.38%"
"Dec 19, 2017","121.07","121.07","121.07","121.07","-","-0.26%"
"Dec 18, 2017","121.39","121.39","121.39","121.39","-","0.74%"
"Dec 15, 2017","120.50","120.50","120.50","120.50","-","0.03%"
"Dec 14, 2017","120.46","120.46","120.46","120.46","-","0.62%"
"Dec 13, 2017","119.72","119.72","119.72","119.72","-","0.74%"
"Dec 12, 2017","118.84","118.84","118.84","118.84","-","-0.73%"
"Dec 11, 2017","119.71","119.71","119.71","119.71","-","-0.20%"
"Dec 08, 2017","119.95","119.95","119.95","119.95","-","0.00%"
"Dec 07, 2017","119.95","120.24","120.24","119.78","-","-1.09%"
"Dec 06, 2017","121.27","121.27","121.27","121.27","-","-0.03%"
"Dec 05, 2017","121.31","121.31","121.31","121.31","-","-0.80%"
"Dec 04, 2017","122.29","122.29","122.29","122.29","-","-1.10%"
"Dec 01, 2017","123.65","123.65","123.65","123.65","-","0.00%"
"Nov 30, 2017","123.65","122.67","123.65","122.67","-","0.26%"
"Nov 29, 2017","123.33","123.33","123.33","123.33","-","-0.88%"
"Nov 28, 2017","124.42","124.42","124.42","124.42","-","-0.10%"
"Nov 27, 2017","124.55","124.55","124.55","124.55","-","0.71%"
"Nov 24, 2017","123.67","123.67","123.67","123.67","-","-0.27%"
"Nov 23, 2017","124.00","124.00","124.00","124.00","-","-0.04%"
"Nov 22, 2017","124.05","124.05","124.05","124.05","-","0.67%"
"Nov 21, 2017","123.23","123.23","123.23","123.23","-","-0.15%"
"Nov 20, 2017","123.41","123.41","123.41","123.41","-","-0.28%"
"Nov 17, 2017","123.76","123.76","123.76","123.76","-","0.80%"
"Nov 16, 2017","122.78","122.78","122.78","122.78","-","0.10%"
"Nov 15, 2017","122.66","122.66","122.66","122.66","-","-0.14%"
"Nov 14, 2017","122.83","122.83","122.83","122.83","-","0.06%"
"Nov 13, 2017","122.76","122.76","122.76","122.76","-","0.17%"
"Nov 10, 2017","122.55","122.55","122.55","122.55","-","-0.58%"
"Nov 09, 2017","123.27","123.27","123.27","123.27","-","-0.22%"
"Nov 08, 2017","123.54","123.54","123.54","123.54","-","1.01%"
"Nov 07, 2017","122.30","122.30","122.30","122.30","-","-0.21%"
"Nov 06, 2017","122.56","122.56","122.56","122.56","-","0.68%"
"Nov 03, 2017","121.73","121.73","121.73","121.73","-","-0.60%"
"Nov 02, 2017","122.47","122.47","122.47","122.47","-","-0.13%"
"Nov 01, 2017","122.63","122.63","122.63","122.63","-","0.59%"
"Oct 31, 2017","121.91","121.91","121.91","121.91","-","-0.64%"
"Oct 30, 2017","122.70","122.70","122.70","122.70","-","0.52%"
"Oct 27, 2017","122.07","122.07","122.07","122.07","-","-0.11%"
"Oct 26, 2017","122.20","122.20","122.20","122.20","-","-0.37%"
"Oct 25, 2017","122.65","122.65","122.65","122.65","-","0.09%"
"Oct 24, 2017","122.54","122.54","122.54","122.54","-","0.16%"
"Oct 23, 2017","122.34","122.34","122.34","122.34","-","-0.66%"
"Oct 20, 2017","123.15","123.15","123.15","123.15","-","-0.56%"
"Oct 19, 2017","123.84","123.84","123.84","123.84","-","0.67%"
"Oct 18, 2017","123.02","123.02","123.02","123.02","-","-0.31%"
"Oct 17, 2017","123.40","123.40","123.40","123.40","-","-1.52%"
"Oct 16, 2017","125.31","125.31","125.31","125.31","-","0.28%"
"Oct 13, 2017","124.96","124.96","124.96","124.96","-","0.55%"
"Oct 12, 2017","124.28","124.16","124.28","124.16","-","0.45%"
"Oct 11, 2017","123.72","123.72","123.72","123.72","-","-0.27%"
"Oct 10, 2017","124.06","124.06","124.06","124.06","-","0.81%"
"Oct 09, 2017","123.06","123.06","123.06","123.06","-","0.72%"
"Oct 06, 2017","122.18","122.18","122.18","122.18","-","-0.17%"
"Oct 05, 2017","122.39","122.39","122.39","122.39","-","0.01%"
"Oct 04, 2017","122.38","122.38","122.38","122.38","-","0.06%"
"Oct 03, 2017","122.31","122.31","122.31","122.31","-","-0.02%"
"Oct 02, 2017","122.33","122.33","122.33","122.33","-","-0.91%"
"Sep 29, 2017","123.45","123.45","123.45","123.45","-","-0.04%"
"Sep 28, 2017","123.50","123.50","123.50","123.50","-","-0.07%"
"Sep 27, 2017","123.59","123.59","123.59","123.59","-","-1.12%"
"Sep 26, 2017","124.99","124.99","124.99","124.99","-","-0.23%"
"Sep 25, 2017","125.28","125.28","125.28","125.28","-","0.64%"
"Sep 22, 2017","124.48","124.48","124.48","124.48","-","0.23%"
"Sep 21, 2017","124.20","124.20","124.20","124.20","-","-1.52%"
"Sep 20, 2017","126.12","126.12","126.12","126.12","-","0.31%"
"Sep 19, 2017","125.73","125.73","125.73","125.73","-","0.03%"
"Sep 18, 2017","125.69","125.69","125.69","125.69","-","-1.11%"
"Sep 15, 2017","127.10","127.10","127.10","127.10","-","-0.26%"
"Sep 14, 2017","127.43","127.43","127.43","127.43","-","0.28%"
"Sep 13, 2017","127.08","127.08","127.08","127.08","-","-0.38%"
"Sep 12, 2017","127.57","127.57","127.57","127.57","-","-0.55%"
"Sep 11, 2017","128.28","128.28","128.28","128.28","-","-0.90%"
"Sep 08, 2017","129.45","129.45","129.45","129.45","-","-0.10%"
"Sep 07, 2017","129.58","129.42","129.58","129.42","-","0.64%"
"Sep 06, 2017","128.75","128.75","128.75","128.75","-","0.25%"
"Sep 05, 2017","128.43","128.43","128.43","128.43","-","0.12%"
"Sep 04, 2017","128.27","128.27","128.27","128.27","-","1.00%"
"Sep 01, 2017","127.00","127.00","127.00","127.00","-","0.34%"
"Aug 31, 2017","126.57","126.57","126.57","126.57","-","0.71%"
"Aug 30, 2017","125.68","125.68","125.68","125.68","-","-0.73%"
"Aug 29, 2017","126.61","126.61","126.61","126.61","-","1.97%"
"Aug 28, 2017","124.17","124.17","124.17","124.17","-","0.00%"
"Aug 25, 2017","124.17","124.17","124.17","124.17","-","0.31%"
"Aug 24, 2017","123.79","123.79","123.79","123.79","-","0.03%"
"Aug 23, 2017","123.75","123.75","123.75","123.75","-","-0.02%"
"Aug 22, 2017","123.77","123.77","123.77","123.77","-","-0.17%"
"Aug 21, 2017","123.98","123.98","123.98","123.98","-","-0.06%"
"Aug 18, 2017","124.06","124.06","124.06","124.06","-","0.46%"
"Aug 17, 2017","123.49","123.49","123.49","123.49","-","0.85%"
"Aug 16, 2017","122.45","122.45","122.45","122.45","-","0.11%"
"Aug 15, 2017","122.32","122.32","122.32","122.32","-","-0.90%"
"Aug 14, 2017","123.43","123.43","123.43","123.43","-","-0.31%"
"Aug 11, 2017","123.81","123.81","123.81","123.81","-","0.03%"
"Aug 10, 2017","123.77","123.77","123.77","123.77","-","0.95%"
"Aug 09, 2017","122.60","122.60","122.60","122.60","-","1.68%"
"Aug 08, 2017","120.58","120.58","120.58","120.58","-","-0.40%"
"Aug 07, 2017","121.06","121.06","121.06","121.06","-","0.14%"
"Aug 04, 2017","120.89","120.89","120.89","120.89","-","-0.98%"
"Aug 03, 2017","122.09","122.09","122.09","122.09","-","-0.24%"
"Aug 02, 2017","122.38","122.38","122.38","122.38","-","-0.02%"
"Aug 01, 2017","122.41","122.41","122.41","122.41","-","0.28%"
"Jul 31, 2017","122.07","122.07","122.07","122.07","-","-0.12%"
"Jul 28, 2017","122.22","122.22","122.22","122.22","-","0.00%"
"Jul 27, 2017","122.22","121.10","122.22","121.10","-","1.73%"
"Jul 26, 2017","120.14","120.14","120.14","120.14","-","-0.19%"
"Jul 25, 2017","120.37","120.37","120.37","120.37","-","-0.47%"
"Jul 24, 2017","120.94","120.94","120.94","120.94","-","0.42%"
"Jul 21, 2017","120.44","120.44","120.44","120.44","-","0.34%"
"Jul 20, 2017","120.03","120.03","120.03","120.03","-","0.43%"
"Jul 19, 2017","119.52","119.52","119.52","119.52","-","-0.09%"
"Jul 18, 2017","119.63","119.63","119.63","119.63","-","0.64%"
"Jul 17, 2017","118.87","118.87","118.87","118.87","-","0.49%"
"Jul 14, 2017","118.29","118.29","118.29","118.29","-","0.00%"
"Jul 13, 2017","118.29","117.28","118.29","117.28","-","0.60%"
"Jul 12, 2017","117.58","117.58","117.58","117.58","-","0.53%"
"Jul 11, 2017","116.96","116.96","116.96","116.96","-","0.02%"
"Jul 10, 2017","116.94","116.94","116.94","116.94","-","0.30%"
"Jul 07, 2017","116.59","116.59","116.59","116.59","-","-1.09%"
"Jul 06, 2017","117.87","117.87","117.87","117.87","-","0.08%"
"Jul 05, 2017","117.78","117.78","117.78","117.78","-","-0.06%"
"Jul 04, 2017","117.85","117.85","117.85","117.85","-","0.13%"
"Jul 03, 2017","117.70","117.70","117.70","117.70","-","-1.68%"
"Jun 30, 2017","119.71","119.71","119.71","119.71","-","0.00%"
"Jun 29, 2017","119.71","119.88","119.88","119.71","-","-0.65%"
"Jun 28, 2017","120.49","120.49","120.49","120.49","-","0.27%"
"Jun 27, 2017","120.17","120.17","120.17","120.17","-","0.22%"
"Jun 26, 2017","119.91","119.91","119.91","119.91","-","-0.99%"
"Jun 23, 2017","121.11","121.11","121.11","121.11","-","0.00%"
"Jun 22, 2017","121.11","120.55","121.11","120.55","-","0.87%"
"Jun 21, 2017","120.06","120.06","120.06","120.06","-","0.16%"
"Jun 20, 2017","119.87","119.87","119.87","119.87","-","-0.40%"
"Jun 19, 2017","120.35","120.35","120.35","120.35","-","-0.55%"
"Jun 16, 2017","121.02","121.02","121.02","121.02","-","0.00%"
"Jun 15, 2017","121.02","120.89","121.02","120.89","-","-1.69%"
"Jun 14, 2017","123.10","123.10","123.10","123.10","-","1.03%"
"Jun 13, 2017","121.84","121.84","121.84","121.84","-","-0.14%"
"Jun 12, 2017","122.01","122.01","122.01","122.01","-","-0.23%"
"Jun 09, 2017","122.29","122.29","122.29","122.29","-","-0.56%"
"Jun 08, 2017","122.98","122.60","122.98","122.60","-","-1.06%"
"Jun 07, 2017","124.30","124.30","124.30","124.30","-","-0.17%"
"Jun 06, 2017","124.51","124.51","124.51","124.51","-","1.15%"
"Jun 05, 2017","123.09","123.09","123.09","123.09","-","0.09%"
"Jun 02, 2017","122.98","122.98","122.98","122.98","-","1.06%"
"Jun 01, 2017","121.69","121.69","121.69","121.69","-","-0.18%"
"May 31, 2017","121.91","121.91","121.91","121.91","-","0.29%"
"May 30, 2017","121.56","121.56","121.56","121.56","-","-0.32%"
"May 29, 2017","121.95","121.95","121.95","121.95","-","0.00%"
"May 26, 2017","121.95","121.95","121.95","121.95","-","0.00%"
"May 25, 2017","121.95","120.86","121.95","120.86","-","1.19%"
"May 24, 2017","120.52","120.52","120.52","120.52","-","-0.54%"
"May 23, 2017","121.17","121.17","121.17","121.17","-","-0.03%"
"May 22, 2017","121.21","121.21","121.21","121.21","-","0.48%"
"May 19, 2017","120.63","120.63","120.63","120.63","-","-0.01%"
"May 18, 2017","120.64","120.64","120.64","120.64","-","-0.28%"
"May 17, 2017","120.98","120.98","120.98","120.98","-","1.49%"
"May 16, 2017","119.20","119.20","119.20","119.20","-","0.44%"
"May 15, 2017","118.68","118.68","118.68","118.68","-","0.30%"
"May 12, 2017","118.33","118.33","118.33","118.33","-","0.40%"
"May 11, 2017","117.86","117.86","117.86","117.86","-","0.28%"
"May 10, 2017","117.53","117.53","117.53","117.53","-","0.24%"
"May 09, 2017","117.25","117.25","117.25","117.25","-","-0.87%"
"May 08, 2017","118.28","118.28","118.28","118.28","-","-0.05%"
"May 05, 2017","118.34","118.34","118.34","118.34","-","0.00%"
"May 04, 2017","118.34","118.34","118.34","118.34","-","-1.51%"
"May 03, 2017","120.16","120.16","120.16","120.16","-","-0.56%"
"May 02, 2017","120.84","120.84","120.84","120.84","-","-1.06%"
"Apr 28, 2017","122.14","122.14","122.14","122.14","-","0.00%"
"Apr 27, 2017","122.14","121.85","122.14","121.85","-","0.37%"
"Apr 26, 2017","121.69","121.69","121.69","121.69","-","-0.36%"
"Apr 25, 2017","122.13","122.13","122.13","122.13","-","-0.55%"
"Apr 24, 2017","122.80","122.80","122.80","122.80","-","-0.72%"
"Apr 21, 2017","123.69","123.69","123.69","123.69","-","0.15%"
"Apr 20, 2017","123.50","123.50","123.50","123.50","-","0.13%"
"Apr 19, 2017","123.34","123.34","123.34","123.34","-","-0.86%"
"Apr 18, 2017","124.41","124.41","124.41","124.41","-","0.49%"
"Apr 13, 2017","123.80","123.80","123.80","123.80","-","0.72%"
"Apr 12, 2017","122.91","122.91","122.91","122.91","-","0.23%"
"Apr 11, 2017","122.63","122.63","122.63","122.63","-","1.46%"
"Apr 10, 2017","120.87","120.87","120.87","120.87","-","-0.93%"
"Apr 07, 2017","122.00","122.00","122.00","122.00","-","1.13%"
"Apr 06, 2017","120.64","120.64","120.64","120.64","-","0.20%"
"Apr 05, 2017","120.40","120.40","120.40","120.40","-","-0.58%"
"Apr 04, 2017","121.10","121.10","121.10","121.10","-","0.25%"
"Apr 03, 2017","120.80","120.80","120.80","120.80","-","0.52%"
"Mar 31, 2017","120.18","120.18","120.18","120.18","-","-0.26%"
"Mar 30, 2017","120.49","120.49","120.49","120.49","-","-0.30%"
"Mar 29, 2017","120.85","120.85","120.85","120.85","-","-0.26%"
"Mar 28, 2017","121.17","121.17","121.17","121.17","-","0.17%"
"Mar 27, 2017","120.97","120.97","120.97","120.97","-","0.43%"
"Mar 24, 2017","120.45","120.45","120.45","120.45","-","0.41%"
"Mar 23, 2017","119.96","119.96","119.96","119.96","-","-0.50%"
"Mar 22, 2017","120.56","120.56","120.56","120.56","-","0.48%"
"Mar 21, 2017","119.98","119.98","119.98","119.98","-","0.83%"
"Mar 20, 2017","118.99","118.99","118.99","118.99","-","0.35%"
"Mar 17, 2017","118.58","118.58","118.58","118.58","-","0.00%"
"Mar 16, 2017","118.58","118.68","118.68","118.58","-","2.42%"
"Mar 15, 2017","115.78","115.78","115.78","115.78","-","-0.46%"
"Mar 14, 2017","116.31","116.31","116.31","116.31","-","-0.01%"
"Mar 13, 2017","116.32","116.02","116.32","116.02","-","0.81%"
"Mar 10, 2017","115.39","115.39","115.39","115.39","-","0.00%"
"Mar 09, 2017","115.39","115.92","115.92","115.39","-","-0.78%"
"Mar 08, 2017","116.30","116.30","116.30","116.30","-","-0.78%"
"Mar 07, 2017","117.21","117.21","117.21","117.21","-","-0.81%"
"Mar 06, 2017","118.17","118.17","118.17","118.17","-","0.31%"
"Mar 03, 2017","117.81","117.81","117.81","117.81","-","0.00%"
"Mar 02, 2017","117.81","119.19","119.19","117.81","-","-1.63%"
"Mar 01, 2017","119.76","119.76","119.76","119.76","-","-1.03%"
"Feb 28, 2017","121.01","121.01","121.01","121.01","-","-0.48%"
"Feb 27, 2017","121.59","121.59","121.59","121.59","-","0.52%"
"Feb 24, 2017","120.96","120.96","120.96","120.96","-","0.00%"
"Feb 23, 2017","120.96","120.15","120.96","120.15","-","1.84%"
"Feb 22, 2017","118.78","118.78","118.78","118.78","-","-0.24%"
"Feb 21, 2017","119.07","119.07","119.07","119.07","-","-0.12%"
"Feb 20, 2017","119.21","119.21","119.21","119.21","-","-0.07%"
"Feb 17, 2017","119.29","119.29","119.29","119.29","-","0.00%"
"Feb 16, 2017","119.29","119.50","119.50","119.29","-","0.77%"
"Feb 15, 2017","118.38","118.38","118.38","118.38","-","0.26%"
"Feb 14, 2017","118.07","118.07","118.07","118.07","-","0.23%"
"Feb 13, 2017","117.80","117.80","117.80","117.80","-","-0.87%"
"Feb 10, 2017","118.83","118.83","118.83","118.83","-","-0.03%"
"Feb 09, 2017","118.87","118.87","118.87","118.87","-","-0.60%"
"Feb 08, 2017","119.59","119.59","119.59","119.59","-","0.60%"
"Feb 07, 2017","118.88","118.88","118.88","118.88","-","0.42%"
"Feb 06, 2017","118.38","118.38","118.38","118.38","-","0.75%"
"Feb 03, 2017","117.50","117.50","117.50","117.50","-","0.00%"
"Feb 02, 2017","117.50","117.32","117.50","117.32","-","1.31%"
"Feb 01, 2017","115.98","115.98","115.98","115.98","-","-0.70%"
"Jan 31, 2017","116.80","116.80","116.80","116.80","-","1.22%"
"Jan 30, 2017","115.39","115.39","115.39","115.39","-","0.71%"
"Jan 27, 2017","114.58","114.58","114.58","114.58","-","0.00%"
"Jan 26, 2017","114.58","114.43","114.58","114.43","-","-0.79%"
"Jan 25, 2017","115.49","115.49","115.49","115.49","-","-1.20%"
"Jan 24, 2017","116.89","116.89","116.89","116.89","-","-0.38%"
"Jan 23, 2017","117.33","117.33","117.33","117.33","-","1.10%"
"Jan 20, 2017","116.05","116.05","116.05","116.05","-","0.00%"
"Jan 19, 2017","116.05","115.78","116.05","115.78","-","-0.84%"
"Jan 18, 2017","117.03","117.03","117.03","117.03","-","-0.08%"
"Jan 17, 2017","117.12","117.12","117.12","117.12","-","0.97%"
"Jan 16, 2017","116.00","116.00","116.00","116.00","-","0.76%"
"Jan 13, 2017","115.12","115.12","115.12","115.12","-","0.00%"
"Jan 12, 2017","115.12","115.93","115.93","115.12","-","0.54%"
"Jan 11, 2017","114.50","114.50","114.50","114.50","-","-0.05%"
"Jan 10, 2017","114.56","114.56","114.56","114.56","-","0.45%"
"Jan 09, 2017","114.05","114.05","114.05","114.05","-","0.84%"
"Jan 06, 2017","113.10","113.10","113.10","113.10","-","-0.99%"
"Jan 05, 2017","114.23","114.23","114.23","114.23","-","1.75%"
"Jan 04, 2017","112.26","112.26","112.26","112.26","-","0.31%"
"Jan 03, 2017","111.91","111.91","111.91","111.91","-","0.08%"
"Jan 02, 2017","111.82","111.82","111.82","111.82","-","0.00%"
"Dec 30, 2016","111.82","111.82","111.82","111.82","-","0.02%"
"Dec 29, 2016","111.80","111.80","111.80","111.80","-","1.67%"
"Dec 28, 2016","109.96","109.96","109.96","109.96","-","0.66%"
"Dec 27, 2016","109.24","109.24","109.24","109.24","-","0.00%"
"Dec 23, 2016","109.24","109.24","109.24","109.24","-","0.00%"
"Dec 22, 2016","109.24","109.24","109.24","109.24","-","0.08%"
"Dec 21, 2016","109.15","109.15","109.15","109.15","-","0.38%"
"Dec 20, 2016","108.74","108.74","108.74","108.74","-","-1.26%"
"Dec 19, 2016","110.13","110.13","110.13","110.13","-","0.13%"
"Dec 16, 2016","109.99","109.99","109.99","109.99","-","1.20%"
"Dec 15, 2016","108.69","108.69","108.69","108.69","-","-3.18%"
"Dec 14, 2016","112.26","112.26","112.26","112.26","-","0.37%"
"Dec 13, 2016","111.85","111.85","111.85","111.85","-","-0.16%"
"Dec 12, 2016","112.03","112.03","112.03","112.03","-","-0.14%"
"Dec 09, 2016","112.19","112.19","112.19","112.19","-","-0.77%"
"Dec 08, 2016","113.06","112.80","113.06","112.80","-","-0.25%"
"Dec 07, 2016","113.34","113.34","113.34","113.34","-","0.42%"
"Dec 06, 2016","112.87","112.87","112.87","112.87","-","0.53%"
"Dec 05, 2016","112.28","112.28","112.28","112.28","-","-0.75%"
"Dec 02, 2016","113.13","113.13","113.13","113.13","-","0.52%"
"Dec 01, 2016","112.54","112.54","112.54","112.54","-","-0.35%"
"Nov 30, 2016","112.94","112.94","112.94","112.94","-","-1.16%"
"Nov 29, 2016","114.26","114.26","114.26","114.26","-","-0.45%"
"Nov 28, 2016","114.78","114.78","114.78","114.78","-","0.70%"
"Nov 25, 2016","113.98","113.98","113.98","113.98","-","-0.31%"
"Nov 24, 2016","114.34","114.34","114.34","114.34","-","-0.10%"
"Nov 23, 2016","114.46","114.46","114.46","114.46","-","-1.78%"
"Nov 22, 2016","116.54","116.54","116.54","116.54","-","-0.30%"
"Nov 21, 2016","116.89","116.89","116.89","116.89","-","0.36%"
"Nov 18, 2016","116.47","116.47","116.47","116.47","-","0.00%"
"Nov 17, 2016","116.47","118.27","118.27","116.47","-","-1.47%"
"Nov 16, 2016","118.21","118.21","118.21","118.21","-","0.15%"
"Nov 15, 2016","118.03","118.03","118.03","118.03","-","0.55%"
"Nov 14, 2016","117.38","117.38","117.38","117.38","-","-0.81%"
"Nov 11, 2016","118.34","118.34","118.34","118.34","-","-2.93%"
"Nov 10, 2016","121.91","121.91","121.91","121.91","-","-1.67%"
"Nov 09, 2016","123.98","123.98","123.98","123.98","-","0.69%"
"Nov 08, 2016","123.13","123.13","123.13","123.13","-","-0.37%"
"Nov 07, 2016","123.59","123.59","123.59","123.59","-","-1.71%"
"Nov 04, 2016","125.74","125.74","125.74","125.74","-","0.31%"
"Nov 03, 2016","125.35","125.35","125.35","125.35","-","-0.42%"
"Nov 02, 2016","125.88","125.88","125.88","125.88","-","1.18%"
"Nov 01, 2016","124.41","124.41","124.41","124.41","-","1.29%"
"Oct 31, 2016","122.83","122.83","122.83","122.83","-","0.44%"
"Oct 28, 2016","122.29","122.29","122.29","122.29","-","-0.07%"
"Oct 27, 2016","122.38","122.38","122.38","122.38","-","-0.04%"
"Oct 26, 2016","122.43","122.43","122.43","122.43","-","-0.37%"
"Oct 25, 2016","122.89","122.89","122.89","122.89","-","0.90%"
"Oct 24, 2016","121.79","121.79","121.79","121.79","-","-0.33%"
"Oct 21, 2016","122.19","122.19","122.19","122.19","-","0.01%"
"Oct 20, 2016","122.18","122.18","122.18","122.18","-","-0.44%"
"Oct 19, 2016","122.72","122.72","122.72","122.72","-","0.85%"
"Oct 18, 2016","121.69","121.69","121.69","121.69","-","0.40%"
"Oct 17, 2016","121.20","121.20","121.20","121.20","-","0.34%"
"Oct 14, 2016","120.79","120.79","120.79","120.79","-","0.00%"
"Oct 13, 2016","120.79","121.37","121.37","120.79","-","-0.12%"
"Oct 12, 2016","120.93","120.93","120.93","120.93","-","-0.53%"
"Oct 11, 2016","121.57","121.57","121.57","121.57","-","0.12%"
"Oct 10, 2016","121.43","121.43","121.43","121.43","-","1.06%"
"Oct 07, 2016","120.16","120.16","120.16","120.16","-","-0.75%"
"Oct 06, 2016","121.07","121.07","121.07","121.07","-","-1.09%"
"Oct 05, 2016","122.41","122.41","122.41","122.41","-","-1.19%"
"Oct 04, 2016","123.88","123.88","123.88","123.88","-","-2.19%"
"Oct 03, 2016","126.65","126.65","126.65","126.65","-","-0.70%"
"Sep 30, 2016","127.54","127.54","127.54","127.54","-","0.20%"
"Sep 29, 2016","127.29","127.29","127.29","127.29","-","-0.11%"
"Sep 28, 2016","127.43","127.43","127.43","127.43","-","-0.45%"
"Sep 27, 2016","128.00","128.00","128.00","128.00","-","-1.14%"
"Sep 26, 2016","129.48","129.48","129.48","129.48","-","0.15%"
"Sep 23, 2016","129.29","129.29","129.29","129.29","-","0.00%"
"Sep 22, 2016","129.29","129.42","129.42","129.29","-","0.88%"
"Sep 21, 2016","128.16","128.16","128.16","128.16","-","0.83%"
"Sep 20, 2016","127.10","127.10","127.10","127.10","-","0.20%"
"Sep 19, 2016","126.85","126.85","126.85","126.85","-","0.25%"
"Sep 16, 2016","126.53","126.53","126.53","126.53","-","0.00%"
"Sep 15, 2016","126.53","127.20","127.20","126.53","-","-1.09%"
"Sep 14, 2016","127.93","127.93","127.93","127.93","-","-0.02%"
"Sep 13, 2016","127.96","127.96","127.96","127.96","-","0.13%"
"Sep 12, 2016","127.79","127.79","127.79","127.79","-","-0.87%"
"Sep 09, 2016","128.91","128.91","128.91","128.91","-","-0.62%"
"Sep 08, 2016","129.71","129.48","129.71","129.48","-","0.03%"
"Sep 07, 2016","129.67","129.67","129.67","129.67","-","0.34%"
"Sep 06, 2016","129.23","129.23","129.23","129.23","-","1.00%"
"Sep 05, 2016","127.95","127.95","127.95","127.95","-","0.65%"
"Sep 02, 2016","127.12","127.12","127.12","127.12","-","0.42%"
"Sep 01, 2016","126.59","126.59","126.59","126.59","-","0.40%"
"Aug 31, 2016","126.09","126.09","126.09","126.09","-","-0.69%"
"Aug 30, 2016","126.97","126.97","126.97","126.97","-","-1.06%"
"Aug 29, 2016","128.33","128.33","128.33","128.33","-","0.00%"
"Aug 26, 2016","128.33","128.33","128.33","128.33","-","0.60%"
"Aug 25, 2016","127.57","127.57","127.57","127.57","-","-0.38%"
"Aug 24, 2016","128.06","128.06","128.06","128.06","-","-0.86%"
"Aug 23, 2016","129.17","129.17","129.17","129.17","-","0.02%"
"Aug 22, 2016","129.15","129.15","129.15","129.15","-","-0.29%"
"Aug 19, 2016","129.53","129.53","129.53","129.53","-","-0.57%"
"Aug 18, 2016","130.27","130.27","130.27","130.27","-","0.32%"
"Aug 17, 2016","129.85","129.85","129.85","129.85","-","-0.28%"
"Aug 16, 2016","130.22","130.22","130.22","130.22","-","0.57%"
"Aug 15, 2016","129.48","129.48","129.48","129.48","-","-0.75%"
"Aug 12, 2016","130.46","130.46","130.46","130.46","-","0.08%"
"Aug 11, 2016","130.35","130.35","130.35","130.35","-","0.32%"
"Aug 10, 2016","129.94","129.94","129.94","129.94","-","0.44%"
"Aug 09, 2016","129.37","129.37","129.37","129.37","-","0.33%"
"Aug 08, 2016","128.94","128.94","128.94","128.94","-","-0.21%"
"Aug 05, 2016","129.21","129.21","129.21","129.21","-","-1.85%"
"Aug 04, 2016","131.64","131.64","131.64","131.64","-","0.44%"
"Aug 03, 2016","131.06","131.06","131.06","131.06","-","-0.68%"
"Aug 02, 2016","131.96","131.96","131.96","131.96","-","1.19%"
"Aug 01, 2016","130.41","130.41","130.41","130.41","-","0.16%"
"Jul 29, 2016","130.20","130.20","130.20","130.20","-","0.90%"
"Jul 28, 2016","129.04","129.04","129.04","129.04","-","0.72%"
"Jul 27, 2016","128.12","128.12","128.12","128.12","-","0.51%"
"Jul 26, 2016","127.47","127.47","127.47","127.47","-","0.11%"
"Jul 25, 2016","127.33","127.33","127.33","127.33","-","-0.32%"
"Jul 22, 2016","127.74","127.74","127.74","127.74","-","0.00%"
"Jul 21, 2016","127.74","127.84","127.84","127.74","-","0.39%"
"Jul 20, 2016","127.24","127.24","127.24","127.24","-","-1.03%"
"Jul 19, 2016","128.57","128.57","128.57","128.57","-","0.22%"
"Jul 18, 2016","128.29","128.29","128.29","128.29","-","-0.07%"
"Jul 15, 2016","128.38","128.38","128.38","128.38","-","0.00%"
"Jul 14, 2016","128.38","128.45","128.45","128.38","-","-0.92%"
"Jul 13, 2016","129.57","129.57","129.57","129.57","-","0.26%"
"Jul 12, 2016","129.23","129.23","129.23","129.23","-","-1.45%"
"Jul 11, 2016","131.13","131.13","131.13","131.13","-","0.37%"
"Jul 08, 2016","130.65","130.65","130.65","130.65","-","-0.27%"
"Jul 07, 2016","131.01","131.01","131.01","131.01","-","-0.85%"
"Jul 06, 2016","132.13","132.13","132.13","132.13","-","1.37%"
"Jul 05, 2016","130.34","130.34","130.34","130.34","-","-0.18%"
"Jul 04, 2016","130.57","130.57","130.57","130.57","-","1.05%"
"Jul 01, 2016","129.21","129.21","129.21","129.21","-","1.33%"
"Jun 30, 2016","127.51","127.51","127.51","127.51","-","-0.33%"
"Jun 29, 2016","127.93","127.93","127.93","127.93","-","0.81%"
"Jun 28, 2016","126.90","126.90","126.90","126.90","-","-0.49%"
"Jun 27, 2016","127.52","127.52","127.52","127.52","-","0.12%"
"Jun 24, 2016","127.37","127.37","127.37","127.37","-","4.21%"
"Jun 23, 2016","122.23","122.23","122.23","122.23","-","-0.37%"
"Jun 22, 2016","122.68","122.68","122.68","122.68","-","-0.08%"
"Jun 21, 2016","122.78","122.78","122.78","122.78","-","-1.22%"
"Jun 20, 2016","124.30","124.30","124.30","124.30","-","-0.18%"
"Jun 17, 2016","124.53","124.53","124.53","124.53","-","-1.66%"
"Jun 16, 2016","126.63","126.63","126.63","126.63","-","2.01%"
"Jun 15, 2016","124.14","124.14","124.14","124.14","-","0.11%"
"Jun 14, 2016","124.00","124.00","124.00","124.00","-","-0.09%"
"Jun 13, 2016","124.11","124.11","124.11","124.11","-","1.17%"
"Jun 10, 2016","122.68","122.68","122.68","122.68","-","-0.11%"
"Jun 09, 2016","122.81","122.60","122.81","122.60","-","0.78%"
"Jun 08, 2016","121.86","121.86","121.86","121.86","-","1.67%"
"Jun 07, 2016","119.86","119.86","119.86","119.86","-","-0.42%"
"Jun 06, 2016","120.37","120.37","120.37","120.37","-","0.49%"
"Jun 03, 2016","119.78","119.78","119.78","119.78","-","2.38%"
"Jun 02, 2016","116.99","116.99","116.99","116.99","-","0.10%"
"Jun 01, 2016","116.87","116.87","116.87","116.87","-","-0.25%"
"May 31, 2016","117.16","117.16","117.16","117.16","-","0.03%"
"May 30, 2016","117.12","117.12","117.12","117.12","-","0.00%"
"May 27, 2016","117.12","117.12","117.12","117.12","-","-0.80%"
"May 26, 2016","118.06","118.06","118.06","118.06","-","-0.08%"
"May 25, 2016","118.16","118.16","118.16","118.16","-","-0.86%"
"May 24, 2016","119.18","119.18","119.18","119.18","-","-1.14%"
"May 23, 2016","120.55","120.55","120.55","120.55","-","-0.08%"
"May 20, 2016","120.65","120.65","120.65","120.65","-","0.00%"
"May 19, 2016","120.65","120.80","120.80","120.65","-","-1.81%"
"May 18, 2016","122.88","122.88","122.88","122.88","-","-0.67%"
"May 17, 2016","123.71","123.71","123.71","123.71","-","0.46%"
"May 16, 2016","123.14","123.14","123.14","123.14","-","0.36%"
"May 13, 2016","122.70","122.70","122.70","122.70","-","0.11%"
"May 12, 2016","122.57","122.51","122.57","122.51","-","-0.24%"
"May 11, 2016","122.87","122.87","122.87","122.87","-","1.00%"
"May 10, 2016","121.65","121.65","121.65","121.65","-","-0.42%"
"May 09, 2016","122.16","122.16","122.16","122.16","-","-2.13%"
"May 06, 2016","124.82","124.82","124.82","124.82","-","1.26%"
"May 05, 2016","123.27","123.27","123.27","123.27","-","-0.35%"
"May 04, 2016","123.70","123.70","123.70","123.70","-","-0.45%"
"May 03, 2016","124.26","124.26","124.26","124.26","-","-0.57%"
"May 02, 2016","124.97","124.97","124.97","124.97","-","0.00%"
"Apr 29, 2016","124.97","124.97","124.97","124.97","-","2.45%"
"Apr 28, 2016","121.98","121.98","121.98","121.98","-","1.15%"
"Apr 27, 2016","120.59","120.59","120.59","120.59","-","0.53%"
"Apr 26, 2016","119.95","119.95","119.95","119.95","-","0.16%"
"Apr 25, 2016","119.76","119.76","119.76","119.76","-","-0.10%"
"Apr 22, 2016","119.88","119.88","119.88","119.88","-","-0.77%"
"Apr 21, 2016","120.81","120.81","120.81","120.81","-","-0.27%"
"Apr 20, 2016","121.14","121.14","121.14","121.14","-","-0.07%"
"Apr 19, 2016","121.22","121.22","121.22","121.22","-","1.62%"
"Apr 18, 2016","119.29","119.29","119.29","119.29","-","0.37%"
"Apr 15, 2016","118.85","118.85","118.85","118.85","-","0.00%"
"Apr 14, 2016","118.85","118.99","118.99","118.85","-","-1.21%"
"Apr 13, 2016","120.31","120.31","120.31","120.31","-","-0.90%"
"Apr 12, 2016","121.40","121.40","121.40","121.40","-","-0.13%"
"Apr 11, 2016","121.56","121.56","121.56","121.56","-","1.39%"
"Apr 08, 2016","119.89","119.89","119.89","119.89","-","0.00%"
"Apr 07, 2016","119.89","119.80","119.89","119.80","-","1.58%"
"Apr 06, 2016","118.03","118.03","118.03","118.03","-","-0.52%"
"Apr 05, 2016","118.65","118.65","118.65","118.65","-","0.91%"
"Apr 04, 2016","117.58","117.58","117.58","117.58","-","0.36%"
"Apr 01, 2016","117.16","117.16","117.16","117.16","-","-1.86%"
"Mar 31, 2016","119.38","119.38","119.38","119.38","-","0.71%"
"Mar 30, 2016","118.54","118.54","118.54","118.54","-","0.09%"
"Mar 29, 2016","118.43","118.43","118.43","118.43","-","0.45%"
"Mar 24, 2016","117.90","117.90","117.90","117.90","-","-0.18%"
"Mar 23, 2016","118.11","118.11","118.11","118.11","-","-2.21%"
"Mar 22, 2016","120.78","120.78","120.78","120.78","-","0.37%"
"Mar 21, 2016","120.33","120.33","120.33","120.33","-","-0.56%"
"Mar 18, 2016","121.01","121.01","121.01","121.01","-","-0.98%"
"Mar 17, 2016","122.21","122.21","122.21","122.21","-","2.91%"
"Mar 16, 2016","118.76","118.76","118.76","118.76","-","-0.16%"
"Mar 15, 2016","118.95","118.95","118.95","118.95","-","-0.97%"
"Mar 14, 2016","120.11","120.11","120.11","120.11","-","-1.38%"
"Mar 11, 2016","121.79","121.79","121.79","121.79","-","-0.38%"
"Mar 10, 2016","122.25","122.25","122.25","122.25","-","0.76%"
"Mar 09, 2016","121.33","121.33","121.33","121.33","-","-0.97%"
"Mar 08, 2016","122.52","122.52","122.52","122.52","-","0.07%"
"Mar 07, 2016","122.43","122.43","122.43","122.43","-","-0.48%"
"Mar 04, 2016","123.02","123.02","123.02","123.02","-","1.18%"
"Mar 03, 2016","121.58","121.58","121.58","121.58","-","1.65%"
"Mar 02, 2016","119.61","119.61","119.61","119.61","-","0.44%"
"Mar 01, 2016","119.09","119.09","119.09","119.09","-","-0.20%"